design_name,cofolding_model,seed,binder_len,my_ipsae_min,ref_ipsae_min,my_b2t,ref_b2t,my_t2b,ref_t2b,my_scdockq,ref_scdockq,my_fnat,ref_fnat,my_irms,ref_irms,my_lrms,ref_lrms
mythos_preview_multi_target_pdl1_rank01,af3of3,1,75,0.833075,0.8330747485160828,0.882881,0.8828809261322021,0.833075,0.8330747485160828,0.955,0.9548,0.913,0.91304,0.323,0.3231,0.559,0.5594
mythos_preview_multi_target_pdl1_rank02,af3of3,1,75,0.690185,0.6901850700378418,0.752257,0.752257227897644,0.690185,0.6901850700378418,0.973,0.9729,0.955,0.95455,0.279,0.2791,0.414,0.4139
mythos_preview_multi_target_pdl1_rank03,af3of3,1,75,0.818849,0.8188488483428955,0.870693,0.8706930875778198,0.818849,0.8188488483428955,0.967,0.96712,0.957,0.95652,0.341,0.3413,0.658,0.6581
mythos_preview_multi_target_pdl1_rank04,af3of3,1,64,0.736628,0.7366277575492859,0.810488,0.8104879260063171,0.736628,0.7366277575492859,0.943,0.94349,0.909,0.90909,0.425,0.4253,0.554,0.5543
mythos_preview_multi_target_pdl1_rank05,af3of3,1,87,0.0,0.0,0.0,0.0,0.015197,0.015197284519672394,0.138,0.13806,0.077,0.07692,6.49,6.49,13.413,13.4127
mythos_preview_multi_target_pdl1_rank06,af3of3,1,87,0.835124,0.8351243138313293,0.864484,0.8644842505455017,0.835124,0.8351243138313293,0.933,0.93319,0.846,0.84615,0.312,0.3117,0.615,0.6149
mythos_preview_multi_target_pdl1_rank07,af3of3,1,87,0.836678,0.8366777896881104,0.863614,0.8636136054992676,0.836678,0.8366777896881104,0.955,0.95507,0.938,0.9375,0.378,0.3784,0.954,0.9538
mythos_preview_multi_target_pdl1_rank08,af3of3,1,64,0.746795,0.746795117855072,0.818814,0.8188138604164124,0.746795,0.746795117855072,0.939,0.93889,0.884,0.88372,0.387,0.3875,0.571,0.5706
mythos_preview_multi_target_pdl1_rank09,af3of3,1,75,0.781866,0.7818660140037537,0.794082,0.7940820455551147,0.781866,0.7818660140037537,0.891,0.89126,0.765,0.76471,0.434,0.4338,1.004,1.0042
mythos_preview_multi_target_pdl1_rank10,af3of3,1,64,0.751917,0.751916766166687,0.811183,0.8111824989318848,0.751917,0.751916766166687,0.926,0.92646,0.851,0.85106,0.401,0.4012,0.597,0.5975
mythos_preview_multi_target_pdl1_rank11,af3of3,1,75,0.763358,0.7633576989173889,0.796755,0.7967548370361328,0.763358,0.7633576989173889,0.801,0.80109,0.783,0.78261,1.019,1.0192,2.213,2.2126
mythos_preview_multi_target_pdl1_rank12,af3of3,1,75,0.737164,0.7371639013290405,0.740848,0.7408484816551208,0.737164,0.7371639013290405,0.952,0.95215,1.0,1.0,0.548,0.5481,1.382,1.3818
mythos_preview_multi_target_pdl1_rank13,af3of3,1,75,0.800163,0.800162672996521,0.806618,0.8066183924674988,0.800163,0.800162672996521,0.478,0.47812,0.375,0.375,2.237,2.237,4.918,4.9181
mythos_preview_multi_target_pdl1_rank14,af3of3,1,75,0.778061,0.7780613899230957,0.795874,0.7958741188049316,0.778061,0.7780613899230957,0.959,0.95931,0.944,0.94444,0.376,0.3764,0.729,0.7286
mythos_preview_multi_target_pdl1_rank15,af3of3,1,75,0.76637,0.7663701176643372,0.787533,0.7875329852104187,0.76637,0.7663701176643372,0.915,0.91546,0.8,0.8,0.343,0.3427,0.541,0.5407
mythos_preview_multi_target_pdl1_rank16,af3of3,1,75,0.806564,0.8065640926361084,0.818148,0.818148136138916,0.806564,0.8065640926361084,0.893,0.89305,0.75,0.75,0.401,0.4009,0.552,0.5517
mythos_preview_multi_target_pdl1_rank17,af3of3,1,75,0.789869,0.7898691296577454,0.839488,0.8394877910614014,0.789869,0.7898691296577454,0.912,0.91194,0.824,0.82353,0.437,0.4366,0.837,0.8371
mythos_preview_multi_target_pdl1_rank18,af3of3,1,64,0.826104,0.8261044025421143,0.890317,0.8903166651725769,0.826104,0.8261044025421143,0.911,0.91062,0.824,0.82353,0.456,0.4557,0.723,0.7227
mythos_preview_multi_target_pdl1_rank19,af3of3,1,75,0.282704,0.2827037274837494,0.282704,0.2827037274837494,0.329369,0.32936856150627136,0.22,0.21986,0.059,0.05882,3.779,3.779,9.124,9.1241
mythos_preview_multi_target_pdl1_rank20,af3of3,1,75,0.648012,0.6480118036270142,0.701092,0.7010917067527771,0.648012,0.6480118036270142,0.234,0.23445,0.095,0.09524,3.672,3.6724,9.115,9.1148
mythos_preview_multi_target_pdl1_rank01,afm3,1,75,0.800129,0.800129234790802,0.861472,0.8614717125892639,0.800129,0.800129234790802,0.94,0.93968,0.87,0.86957,0.34,0.34,0.347,0.3467
mythos_preview_multi_target_pdl1_rank02,afm3,1,75,0.786735,0.7867352962493896,0.858143,0.8581433892250061,0.786735,0.7867352962493896,0.94,0.93968,0.864,0.86364,0.318,0.3179,0.341,0.3412
mythos_preview_multi_target_pdl1_rank03,afm3,1,75,0.803156,0.8031556010246277,0.866518,0.8665179014205933,0.803156,0.8031556010246277,0.938,0.93767,0.87,0.86957,0.359,0.3586,0.423,0.4235
mythos_preview_multi_target_pdl1_rank04,afm3,1,64,0.740503,0.7405028343200684,0.823591,0.8235909342765808,0.740503,0.7405028343200684,0.903,0.90279,0.886,0.88636,0.662,0.662,1.048,1.0483
mythos_preview_multi_target_pdl1_rank05,afm3,1,87,0.799795,0.7997945547103882,0.850155,0.8501548171043396,0.799795,0.7997945547103882,0.937,0.93724,0.923,0.92308,0.496,0.4963,0.964,0.9639
mythos_preview_multi_target_pdl1_rank06,afm3,1,87,0.809903,0.809903085231781,0.860914,0.8609135746955872,0.809903,0.809903085231781,0.902,0.90246,0.846,0.84615,0.55,0.5498,1.224,1.2244
mythos_preview_multi_target_pdl1_rank07,afm3,1,87,0.810882,0.8108823299407959,0.862941,0.862941324710846,0.810882,0.8108823299407959,0.893,0.89264,0.875,0.875,0.693,0.6934,1.246,1.2456
mythos_preview_multi_target_pdl1_rank08,afm3,1,64,0.776016,0.7760160565376282,0.841943,0.8419431447982788,0.776016,0.7760160565376282,0.952,0.95191,0.93,0.93023,0.409,0.4086,0.627,0.6275
mythos_preview_multi_target_pdl1_rank09,afm3,1,75,0.786408,0.7864078283309937,0.835368,0.8353679180145264,0.786408,0.7864078283309937,0.852,0.85188,0.824,0.82353,0.789,0.7895,1.97,1.9698
mythos_preview_multi_target_pdl1_rank10,afm3,1,64,0.779691,0.7796913385391235,0.834458,0.8344583511352539,0.779691,0.7796913385391235,0.931,0.93113,0.872,0.87234,0.421,0.4208,0.661,0.6612
mythos_preview_multi_target_pdl1_rank11,afm3,1,75,0.795825,0.7958250641822815,0.836558,0.8365581035614014,0.795825,0.7958250641822815,0.963,0.96298,1.0,1.0,0.497,0.4971,0.94,0.94
mythos_preview_multi_target_pdl1_rank12,afm3,1,75,0.680305,0.6803049445152283,0.726556,0.7265557646751404,0.680305,0.6803049445152283,0.641,0.64112,0.522,0.52174,1.415,1.4151,3.249,3.2487
mythos_preview_multi_target_pdl1_rank13,afm3,1,75,0.795975,0.7959749102592468,0.831471,0.8314706087112427,0.795975,0.7959749102592468,0.898,0.89849,0.875,0.875,0.649,0.6494,1.266,1.2659
mythos_preview_multi_target_pdl1_rank14,afm3,1,75,0.801111,0.8011112213134766,0.860268,0.8602683544158936,0.801111,0.8011112213134766,0.918,0.91785,0.833,0.83333,0.416,0.4158,0.784,0.784
mythos_preview_multi_target_pdl1_rank15,afm3,1,75,0.792566,0.7925661206245422,0.852671,0.8526710271835327,0.792566,0.7925661206245422,0.884,0.88375,0.7,0.7,0.317,0.317,0.66,0.6603
mythos_preview_multi_target_pdl1_rank16,afm3,1,75,0.794529,0.7945289015769958,0.849642,0.8496419191360474,0.794529,0.7945289015769958,0.866,0.86571,0.65,0.65,0.342,0.3417,0.506,0.5059
mythos_preview_multi_target_pdl1_rank17,afm3,1,75,0.774357,0.7743567228317261,0.843554,0.843553900718689,0.774357,0.7743567228317261,0.93,0.93019,0.882,0.88235,0.446,0.4463,0.873,0.8725
mythos_preview_multi_target_pdl1_rank18,afm3,1,64,0.738252,0.7382519841194153,0.831942,0.831941545009613,0.738252,0.7382519841194153,0.859,0.85871,0.706,0.70588,0.545,0.5445,0.988,0.9882
mythos_preview_multi_target_pdl1_rank19,afm3,1,75,0.713726,0.7137256264686584,0.803948,0.8039484620094299,0.713726,0.7137256264686584,0.946,0.94619,0.941,0.94118,0.48,0.4798,0.845,0.8452
mythos_preview_multi_target_pdl1_rank20,afm3,1,75,0.655251,0.6552515029907227,0.763172,0.7631720900535583,0.655251,0.6552515029907227,0.892,0.89238,0.762,0.7619,0.436,0.4361,0.705,0.7048
mythos_preview_multi_target_pdl1_rank01,boltz2,1,75,0.921353,0.9213533401489258,0.941343,0.9413431882858276,0.921353,0.9213533401489258,0.885,0.88473,0.739,0.73913,0.441,0.4413,0.619,0.6191
mythos_preview_multi_target_pdl1_rank02,boltz2,1,75,0.922845,0.922844648361206,0.944146,0.9441456198692322,0.922845,0.922844648361206,0.917,0.91737,0.818,0.81818,0.388,0.3877,0.501,0.5005
mythos_preview_multi_target_pdl1_rank03,boltz2,1,75,0.908925,0.9089245200157166,0.938709,0.9387093782424927,0.908925,0.9089245200157166,0.935,0.93455,0.87,0.86957,0.384,0.3835,0.575,0.5748
mythos_preview_multi_target_pdl1_rank04,boltz2,1,64,0.898178,0.8981781005859375,0.909156,0.9091557264328003,0.898178,0.8981781005859375,0.938,0.93778,0.909,0.90909,0.462,0.4622,0.811,0.8114
mythos_preview_multi_target_pdl1_rank05,boltz2,1,87,0.469938,0.4699384272098541,0.550114,0.5501142144203186,0.469938,0.4699384272098541,0.772,0.77195,0.731,0.73077,1.087,1.0869,2.344,2.3439
mythos_preview_multi_target_pdl1_rank06,boltz2,1,87,0.895716,0.895715594291687,0.923854,0.9238542318344116,0.895716,0.895715594291687,0.935,0.93514,0.885,0.88462,0.414,0.4136,0.789,0.7893
mythos_preview_multi_target_pdl1_rank07,boltz2,1,87,0.915824,0.9158241748809814,0.937128,0.9371283054351807,0.915824,0.9158241748809814,0.948,0.948,0.906,0.90625,0.367,0.3665,0.655,0.6547
mythos_preview_multi_target_pdl1_rank08,boltz2,1,64,0.86627,0.8662699460983276,0.893621,0.8936212062835693,0.86627,0.8662699460983276,0.951,0.95067,0.953,0.95349,0.486,0.4861,0.685,0.6846
mythos_preview_multi_target_pdl1_rank09,boltz2,1,75,0.870618,0.870618462562561,0.909296,0.9092957973480225,0.870618,0.870618462562561,0.89,0.8898,0.765,0.76471,0.455,0.4552,0.895,0.8955
mythos_preview_multi_target_pdl1_rank10,boltz2,1,64,0.895285,0.8952851891517639,0.897516,0.8975157141685486,0.895285,0.8952851891517639,0.936,0.93631,0.872,0.87234,0.366,0.3658,0.727,0.727
mythos_preview_multi_target_pdl1_rank11,boltz2,1,75,0.912714,0.9127137064933777,0.931085,0.9310846328735352,0.912714,0.9127137064933777,0.914,0.91412,0.913,0.91304,0.624,0.6238,1.312,1.3116
mythos_preview_multi_target_pdl1_rank12,boltz2,1,75,0.828746,0.8287464380264282,0.869236,0.8692358136177063,0.828746,0.8287464380264282,0.948,0.9484,0.913,0.91304,0.389,0.3885,0.6,0.6001
mythos_preview_multi_target_pdl1_rank13,boltz2,1,75,0.868765,0.8687652349472046,0.895772,0.895772397518158,0.868765,0.8687652349472046,0.855,0.85458,0.708,0.70833,0.592,0.5919,0.848,0.8482
mythos_preview_multi_target_pdl1_rank14,boltz2,1,75,0.90125,0.901250422000885,0.928113,0.9281131029129028,0.90125,0.901250422000885,0.9,0.90011,0.889,0.88889,0.654,0.654,1.465,1.4648
mythos_preview_multi_target_pdl1_rank15,boltz2,1,75,0.898442,0.8984422087669373,0.922861,0.9228613972663879,0.898442,0.8984422087669373,0.881,0.88106,0.85,0.85,0.67,0.6698,1.748,1.7478
mythos_preview_multi_target_pdl1_rank16,boltz2,1,75,0.895328,0.8953279852867126,0.922124,0.9221243262290955,0.895328,0.8953279852867126,0.856,0.85576,0.65,0.65,0.427,0.427,0.751,0.7512
mythos_preview_multi_target_pdl1_rank17,boltz2,1,75,0.889036,0.8890364766120911,0.914657,0.9146565794944763,0.889036,0.8890364766120911,0.826,0.82629,0.706,0.70588,0.784,0.7835,0.963,0.9629
mythos_preview_multi_target_pdl1_rank18,boltz2,1,64,0.902083,0.9020828008651733,0.935383,0.9353833198547363,0.902083,0.9020828008651733,0.977,0.97661,1.0,1.0,0.387,0.3872,0.749,0.7489
mythos_preview_multi_target_pdl1_rank19,boltz2,1,75,0.172834,0.1728338897228241,0.272295,0.2722953259944916,0.172834,0.1728338897228241,0.061,0.06095,0.0,0.0,12.092,12.0924,18.937,18.9368
mythos_preview_multi_target_pdl1_rank20,boltz2,1,75,0.170715,0.17071500420570374,0.295692,0.29569190740585327,0.170715,0.17071500420570374,0.06,0.0605,0.0,0.0,12.244,12.2442,19.004,19.0042
mythos_preview_multi_target_pdl1_rank01,chai1,1,75,0.851456,0.8514562249183655,0.859812,0.8598117828369141,0.851456,0.8514562249183655,0.901,0.90089,0.783,0.78261,0.424,0.4241,0.655,0.6552
mythos_preview_multi_target_pdl1_rank02,chai1,1,75,0.878262,0.8782618045806885,0.903696,0.9036960601806641,0.878262,0.8782618045806885,0.907,0.90747,0.818,0.81818,0.464,0.4644,0.778,0.7783
mythos_preview_multi_target_pdl1_rank03,chai1,1,75,0.889793,0.8897925019264221,0.914544,0.914543867111206,0.889793,0.8897925019264221,0.932,0.93238,0.87,0.86957,0.404,0.4037,0.596,0.5961
mythos_preview_multi_target_pdl1_rank04,chai1,1,64,0.660904,0.6609036922454834,0.782914,0.7829144597053528,0.660904,0.6609036922454834,0.874,0.87428,0.841,0.84091,0.76,0.76,1.005,1.0045
mythos_preview_multi_target_pdl1_rank05,chai1,1,87,0.014866,0.014865517616271973,0.014866,0.014865517616271973,0.059853,0.05985315144062042,0.136,0.13569,0.077,0.07692,6.611,6.6108,13.59,13.5899
mythos_preview_multi_target_pdl1_rank06,chai1,1,87,0.901188,0.9011883735656738,0.910814,0.9108144640922546,0.901188,0.9011883735656738,0.938,0.93812,0.885,0.88462,0.402,0.402,0.483,0.4831
mythos_preview_multi_target_pdl1_rank07,chai1,1,87,0.879578,0.879578173160553,0.891808,0.8918079733848572,0.879578,0.879578173160553,0.911,0.91132,0.875,0.875,0.578,0.5776,0.933,0.9332
mythos_preview_multi_target_pdl1_rank08,chai1,1,64,0.720181,0.7201812863349915,0.771166,0.7711660861968994,0.720181,0.7201812863349915,0.941,0.9406,0.907,0.90698,0.445,0.4451,0.557,0.5568
mythos_preview_multi_target_pdl1_rank09,chai1,1,75,0.537189,0.5371888279914856,0.602937,0.6029366850852966,0.537189,0.5371888279914856,0.894,0.89368,0.824,0.82353,0.567,0.567,1.134,1.134
mythos_preview_multi_target_pdl1_rank10,chai1,1,64,0.816481,0.8164814710617065,0.816481,0.8164814710617065,0.821194,0.8211939930915833,0.948,0.94825,0.915,0.91489,0.399,0.3987,0.549,0.5492
mythos_preview_multi_target_pdl1_rank11,chai1,1,75,0.748046,0.7480457425117493,0.778308,0.7783080339431763,0.748046,0.7480457425117493,0.957,0.95703,1.0,1.0,0.545,0.5446,0.954,0.9538
mythos_preview_multi_target_pdl1_rank12,chai1,1,75,0.544773,0.5447730422019958,0.606823,0.606823205947876,0.544773,0.5447730422019958,0.644,0.64403,0.435,0.43478,1.211,1.2114,2.956,2.9564
mythos_preview_multi_target_pdl1_rank13,chai1,1,75,0.769014,0.7690137624740601,0.788227,0.7882269620895386,0.769014,0.7690137624740601,0.844,0.84364,0.75,0.75,0.744,0.7441,1.262,1.2621
mythos_preview_multi_target_pdl1_rank14,chai1,1,75,0.837885,0.8378849029541016,0.837885,0.8378849029541016,0.838143,0.8381426930427551,0.938,0.93841,0.944,0.94444,0.527,0.5272,1.191,1.1912
mythos_preview_multi_target_pdl1_rank15,chai1,1,75,0.826316,0.8263164162635803,0.826316,0.8263164162635803,0.841758,0.8417578339576721,0.865,0.86533,0.7,0.7,0.493,0.493,0.689,0.6886
mythos_preview_multi_target_pdl1_rank16,chai1,1,75,0.833226,0.8332263827323914,0.833226,0.8332263827323914,0.83765,0.837649941444397,0.906,0.90638,0.9,0.9,0.679,0.6794,0.881,0.8806
mythos_preview_multi_target_pdl1_rank17,chai1,1,75,0.817974,0.8179742693901062,0.841199,0.8411990404129028,0.817974,0.8179742693901062,0.918,0.91832,0.882,0.88235,0.51,0.51,1.326,1.3258
mythos_preview_multi_target_pdl1_rank18,chai1,1,64,0.851131,0.8511305451393127,0.893993,0.8939932584762573,0.851131,0.8511305451393127,0.91,0.91021,0.824,0.82353,0.444,0.444,0.951,0.9506
mythos_preview_multi_target_pdl1_rank19,chai1,1,75,0.250518,0.2505176067352295,0.307874,0.30787432193756104,0.250518,0.2505176067352295,0.813,0.81331,0.706,0.70588,0.851,0.8508,1.291,1.2912
mythos_preview_multi_target_pdl1_rank20,chai1,1,75,0.402655,0.4026547372341156,0.478414,0.4784141480922699,0.402655,0.4026547372341156,0.841,0.84093,0.714,0.71429,0.695,0.6953,1.035,1.0353
mythos_preview_multi_target_pdl1_rank01,ef2fast,1,75,0.918571,0.9185711145401001,0.939709,0.9397093653678894,0.918571,0.9185711145401001,0.961,0.96075,0.913,0.91304,0.256,0.2564,0.418,0.4178
mythos_preview_multi_target_pdl1_rank02,ef2fast,1,75,0.912578,0.9125776290893555,0.93399,0.9339901208877563,0.912578,0.9125776290893555,0.96,0.96018,0.909,0.90909,0.248,0.2484,0.368,0.3678
mythos_preview_multi_target_pdl1_rank03,ef2fast,1,75,0.920606,0.9206061363220215,0.943656,0.9436560869216919,0.920606,0.9206061363220215,0.989,0.98922,1.0,1.0,0.263,0.263,0.428,0.4277
mythos_preview_multi_target_pdl1_rank04,ef2fast,1,64,0.906851,0.9068505167961121,0.913273,0.913273274898529,0.906851,0.9068505167961121,0.954,0.95355,0.909,0.90909,0.327,0.3272,0.467,0.467
mythos_preview_multi_target_pdl1_rank05,ef2fast,1,87,0.910677,0.910677433013916,0.92921,0.9292095899581909,0.910677,0.910677433013916,0.955,0.95492,0.923,0.92308,0.359,0.3589,0.55,0.5498
mythos_preview_multi_target_pdl1_rank06,ef2fast,1,87,0.905325,0.9053245782852173,0.932103,0.9321033954620361,0.905325,0.9053245782852173,0.932,0.93201,0.846,0.84615,0.33,0.3303,0.531,0.5313
mythos_preview_multi_target_pdl1_rank07,ef2fast,1,87,0.907905,0.9079053401947021,0.930164,0.9301642179489136,0.907905,0.9079053401947021,0.962,0.96196,0.938,0.9375,0.322,0.322,0.743,0.7432
mythos_preview_multi_target_pdl1_rank08,ef2fast,1,64,0.892508,0.892507791519165,0.893482,0.893481969833374,0.892508,0.892507791519165,0.951,0.95065,0.907,0.90698,0.356,0.3556,0.363,0.3629
mythos_preview_multi_target_pdl1_rank09,ef2fast,1,75,0.881372,0.8813722729682922,0.901452,0.9014522433280945,0.881372,0.8813722729682922,0.966,0.96558,0.941,0.94118,0.309,0.3095,0.512,0.5125
mythos_preview_multi_target_pdl1_rank10,ef2fast,1,64,0.880258,0.8802579641342163,0.881525,0.8815246820449829,0.880258,0.8802579641342163,0.954,0.95418,0.894,0.89362,0.262,0.262,0.326,0.3259
mythos_preview_multi_target_pdl1_rank11,ef2fast,1,75,0.900286,0.9002863168716431,0.909119,0.9091190695762634,0.900286,0.9002863168716431,0.954,0.95406,1.0,1.0,0.541,0.5414,1.292,1.2917
mythos_preview_multi_target_pdl1_rank12,ef2fast,1,75,0.891929,0.891929030418396,0.891929,0.891929030418396,0.891987,0.8919872045516968,0.959,0.95855,0.957,0.95652,0.399,0.3986,1.046,1.0459
mythos_preview_multi_target_pdl1_rank13,ef2fast,1,75,0.883095,0.8830952644348145,0.891419,0.891418993473053,0.883095,0.8830952644348145,0.816,0.81577,0.75,0.75,0.897,0.8969,1.72,1.7202
mythos_preview_multi_target_pdl1_rank14,ef2fast,1,75,0.877064,0.8770639896392822,0.885312,0.8853119015693665,0.877064,0.8770639896392822,0.954,0.95445,0.944,0.94444,0.408,0.4078,0.948,0.9476
mythos_preview_multi_target_pdl1_rank15,ef2fast,1,75,0.851111,0.8511108756065369,0.858645,0.8586448431015015,0.851111,0.8511108756065369,0.875,0.87529,0.7,0.7,0.373,0.3727,1.084,1.0838
mythos_preview_multi_target_pdl1_rank16,ef2fast,1,75,0.848837,0.8488374352455139,0.848837,0.8488374352455139,0.852732,0.8527317643165588,0.854,0.85413,0.65,0.65,0.415,0.4149,1.103,1.1028
mythos_preview_multi_target_pdl1_rank17,ef2fast,1,75,0.884129,0.8841291069984436,0.913781,0.9137812256813049,0.884129,0.8841291069984436,0.888,0.88785,0.765,0.76471,0.472,0.4717,0.904,0.9039
mythos_preview_multi_target_pdl1_rank18,ef2fast,1,64,0.882387,0.8823872804641724,0.922558,0.9225575923919678,0.882387,0.8823872804641724,0.89,0.88996,0.765,0.76471,0.463,0.4634,0.748,0.748
mythos_preview_multi_target_pdl1_rank19,ef2fast,1,75,0.900079,0.9000789523124695,0.911941,0.9119413495063782,0.900079,0.9000789523124695,0.978,0.97821,1.0,1.0,0.362,0.3623,0.864,0.8639
mythos_preview_multi_target_pdl1_rank20,ef2fast,1,75,0.893277,0.8932766318321228,0.902818,0.9028183221817017,0.893277,0.8932766318321228,0.924,0.92379,0.81,0.80952,0.286,0.2861,0.471,0.471
mythos_preview_multi_target_pdl1_rank01,ef2full,1,75,0.925181,0.9251813292503357,0.940471,0.9404714107513428,0.925181,0.9251813292503357,0.992,0.99232,1.0,1.0,0.221,0.2212,0.355,0.3552
mythos_preview_multi_target_pdl1_rank02,ef2full,1,75,0.927819,0.9278194308280945,0.942335,0.9423349499702454,0.927819,0.9278194308280945,0.992,0.99246,1.0,1.0,0.219,0.2185,0.366,0.3655
mythos_preview_multi_target_pdl1_rank03,ef2full,1,75,0.918791,0.918790876865387,0.933048,0.9330483078956604,0.918791,0.918790876865387,0.978,0.97761,0.957,0.95652,0.226,0.2263,0.324,0.3243
mythos_preview_multi_target_pdl1_rank04,ef2full,1,64,0.896152,0.8961519002914429,0.906355,0.9063547253608704,0.896152,0.8961519002914429,0.957,0.95694,0.909,0.90909,0.291,0.2906,0.389,0.3885
mythos_preview_multi_target_pdl1_rank05,ef2full,1,87,0.905713,0.9057134389877319,0.92133,0.9213294982910156,0.905713,0.9057134389877319,0.969,0.96884,0.962,0.96154,0.334,0.3339,0.754,0.7537
mythos_preview_multi_target_pdl1_rank06,ef2full,1,87,0.910319,0.9103188514709473,0.929666,0.9296655654907227,0.910319,0.9103188514709473,0.949,0.94923,0.885,0.88462,0.286,0.2865,0.355,0.3547
mythos_preview_multi_target_pdl1_rank07,ef2full,1,87,0.900479,0.9004793167114258,0.917216,0.9172156453132629,0.900479,0.9004793167114258,0.963,0.96304,0.938,0.9375,0.317,0.317,0.638,0.6383
mythos_preview_multi_target_pdl1_rank08,ef2full,1,64,0.908261,0.9082609415054321,0.922885,0.922885000705719,0.908261,0.9082609415054321,0.977,0.97749,0.977,0.97674,0.316,0.3155,0.372,0.3718
mythos_preview_multi_target_pdl1_rank09,ef2full,1,75,0.865264,0.8652639985084534,0.897331,0.8973312377929688,0.865264,0.8652639985084534,0.931,0.93055,0.824,0.82353,0.257,0.2574,0.488,0.4879
mythos_preview_multi_target_pdl1_rank10,ef2full,1,64,0.899308,0.8993080258369446,0.912976,0.9129760265350342,0.899308,0.8993080258369446,0.96,0.96042,0.915,0.91489,0.273,0.2735,0.326,0.3259
mythos_preview_multi_target_pdl1_rank11,ef2full,1,75,0.864981,0.8649814128875732,0.878565,0.8785645961761475,0.864981,0.8649814128875732,0.964,0.96363,1.0,1.0,0.476,0.476,1.138,1.1384
mythos_preview_multi_target_pdl1_rank12,ef2full,1,75,0.854101,0.8541011214256287,0.854884,0.8548842668533325,0.854101,0.8541011214256287,0.981,0.98128,1.0,1.0,0.332,0.3315,0.836,0.8361
mythos_preview_multi_target_pdl1_rank13,ef2full,1,75,0.867475,0.8674750328063965,0.882151,0.8821508288383484,0.867475,0.8674750328063965,0.868,0.8678,0.875,0.875,0.835,0.8348,1.622,1.6222
mythos_preview_multi_target_pdl1_rank14,ef2full,1,75,0.857862,0.8578623533248901,0.867494,0.8674942851066589,0.857862,0.8578623533248901,0.935,0.93548,0.889,0.88889,0.432,0.4315,0.661,0.6612
mythos_preview_multi_target_pdl1_rank15,ef2full,1,75,0.826316,0.8263155817985535,0.8275,0.8274996280670166,0.826316,0.8263155817985535,0.913,0.91327,0.85,0.85,0.499,0.499,0.877,0.8772
mythos_preview_multi_target_pdl1_rank16,ef2full,1,75,0.857547,0.857546865940094,0.857547,0.857546865940094,0.86726,0.8672602772712708,0.889,0.88907,0.75,0.75,0.424,0.4244,0.795,0.795
mythos_preview_multi_target_pdl1_rank17,ef2full,1,75,0.781047,0.7810469269752502,0.842656,0.8426559567451477,0.781047,0.7810469269752502,0.897,0.89679,0.824,0.82353,0.513,0.5133,1.451,1.4515
mythos_preview_multi_target_pdl1_rank18,ef2full,1,64,0.839401,0.8394012451171875,0.896405,0.8964052200317383,0.839401,0.8394012451171875,0.922,0.9217,0.824,0.82353,0.353,0.3532,0.655,0.6549
mythos_preview_multi_target_pdl1_rank19,ef2full,1,75,0.82586,0.8258600234985352,0.857453,0.857453465461731,0.82586,0.8258600234985352,0.983,0.9833,1.0,1.0,0.314,0.3144,0.764,0.7641
mythos_preview_multi_target_pdl1_rank20,ef2full,1,75,0.832009,0.8320093154907227,0.861736,0.8617355823516846,0.832009,0.8320093154907227,0.985,0.98485,1.0,1.0,0.311,0.3112,0.55,0.5502
mythos_preview_multi_target_pdl1_rank01,odde,101,75,0.932609,0.9326088428497314,0.950384,0.9503835439682007,0.932609,0.9326088428497314,0.964,0.96352,0.913,0.91304,0.219,0.2194,0.333,0.3331
mythos_preview_multi_target_pdl1_rank02,odde,101,75,0.930393,0.9303933382034302,0.949895,0.9498949646949768,0.930393,0.9303933382034302,0.962,0.96151,0.909,0.90909,0.225,0.2252,0.427,0.4269
mythos_preview_multi_target_pdl1_rank03,odde,101,75,0.935702,0.9357016086578369,0.954065,0.9540650844573975,0.935702,0.9357016086578369,0.963,0.96263,0.913,0.91304,0.234,0.2336,0.326,0.3263
mythos_preview_multi_target_pdl1_rank04,odde,101,64,0.919993,0.9199934601783752,0.928201,0.9282013773918152,0.919993,0.9199934601783752,0.968,0.96755,0.955,0.95455,0.343,0.3431,0.397,0.3972
mythos_preview_multi_target_pdl1_rank05,odde,101,87,0.880312,0.880312442779541,0.925053,0.9250532984733582,0.880312,0.880312442779541,0.966,0.96611,0.962,0.96154,0.377,0.3768,0.529,0.5286
mythos_preview_multi_target_pdl1_rank06,odde,101,87,0.917246,0.9172458648681641,0.938337,0.9383373260498047,0.917246,0.9172458648681641,0.936,0.9359,0.885,0.88462,0.42,0.4203,0.546,0.5458
mythos_preview_multi_target_pdl1_rank07,odde,101,87,0.916911,0.9169113039970398,0.937087,0.9370871782302856,0.916911,0.9169113039970398,0.968,0.96782,0.969,0.96875,0.374,0.3738,0.704,0.7044
mythos_preview_multi_target_pdl1_rank08,odde,101,64,0.910672,0.9106719493865967,0.922043,0.9220426082611084,0.910672,0.9106719493865967,0.97,0.96954,0.953,0.95349,0.318,0.3178,0.373,0.373
mythos_preview_multi_target_pdl1_rank09,odde,101,75,0.910863,0.9108632206916809,0.929173,0.9291729927062988,0.910863,0.9108632206916809,0.897,0.89687,0.765,0.76471,0.416,0.4155,0.453,0.4527
mythos_preview_multi_target_pdl1_rank10,odde,101,64,0.905648,0.9056478142738342,0.915499,0.9154986143112183,0.905648,0.9056478142738342,0.935,0.93495,0.872,0.87234,0.392,0.3918,0.511,0.5107
mythos_preview_multi_target_pdl1_rank11,odde,101,75,0.91937,0.9193699955940247,0.938865,0.9388653635978699,0.91937,0.9193699955940247,0.95,0.94952,1.0,1.0,0.57,0.5699,1.369,1.3695
mythos_preview_multi_target_pdl1_rank12,odde,101,75,0.906018,0.9060176610946655,0.919656,0.9196561574935913,0.906018,0.9060176610946655,0.972,0.97221,1.0,1.0,0.406,0.4058,1.055,1.0555
mythos_preview_multi_target_pdl1_rank13,odde,101,75,0.915202,0.9152014851570129,0.937839,0.9378389120101929,0.915202,0.9152014851570129,0.879,0.87863,0.875,0.875,0.754,0.7543,1.673,1.6731
mythos_preview_multi_target_pdl1_rank14,odde,101,75,0.919075,0.9190750122070312,0.930241,0.9302409887313843,0.919075,0.9190750122070312,0.936,0.93605,0.889,0.88889,0.431,0.4309,0.573,0.573
mythos_preview_multi_target_pdl1_rank15,odde,101,75,0.909654,0.9096538424491882,0.918115,0.9181151986122131,0.909654,0.9096538424491882,0.898,0.89842,0.75,0.75,0.349,0.349,0.494,0.4941
mythos_preview_multi_target_pdl1_rank16,odde,101,75,0.901143,0.9011430740356445,0.920978,0.9209777116775513,0.901143,0.9011430740356445,0.864,0.86388,0.65,0.65,0.355,0.3545,0.628,0.6285
mythos_preview_multi_target_pdl1_rank17,odde,101,75,0.907018,0.9070175886154175,0.930871,0.930870771408081,0.907018,0.9070175886154175,0.897,0.89716,0.765,0.76471,0.404,0.4045,0.628,0.6285
mythos_preview_multi_target_pdl1_rank18,odde,101,64,0.913761,0.9137611985206604,0.940014,0.9400138258934021,0.913761,0.9137611985206604,0.891,0.89078,0.765,0.76471,0.456,0.4564,0.744,0.7442
mythos_preview_multi_target_pdl1_rank19,odde,101,75,0.876348,0.8763484358787537,0.914431,0.9144307971000671,0.876348,0.8763484358787537,0.22,0.22005,0.059,0.05882,3.599,3.5988,9.335,9.3346
mythos_preview_multi_target_pdl1_rank20,odde,101,75,0.869982,0.8699818849563599,0.905041,0.9050410985946655,0.869982,0.8699818849563599,0.265,0.26478,0.19,0.19048,3.615,3.6153,9.265,9.2653
mythos_preview_multi_target_pdl1_rank01,of3,1,75,0.833526,0.8335264325141907,0.880442,0.8804421424865723,0.833526,0.8335264325141907,0.955,0.95541,0.913,0.91304,0.322,0.322,0.448,0.448
mythos_preview_multi_target_pdl1_rank02,of3,1,75,0.707423,0.7074226140975952,0.765665,0.7656645178794861,0.707423,0.7074226140975952,0.974,0.97372,0.955,0.95455,0.273,0.2726,0.318,0.3179
mythos_preview_multi_target_pdl1_rank03,of3,1,75,0.833931,0.8339306116104126,0.881301,0.8813007473945618,0.833931,0.8339306116104126,0.973,0.97292,0.957,0.95652,0.291,0.2908,0.335,0.3355
mythos_preview_multi_target_pdl1_rank04,of3,1,64,0.738284,0.7382842898368835,0.803914,0.8039143085479736,0.738284,0.7382842898368835,0.947,0.94691,0.932,0.93182,0.46,0.4597,0.615,0.6148
mythos_preview_multi_target_pdl1_rank05,of3,1,87,0.014741,0.014741124585270882,0.014741,0.014741124585270882,0.100286,0.10028577595949173,0.958,0.95835,0.923,0.92308,0.311,0.3113,0.701,0.7009
mythos_preview_multi_target_pdl1_rank06,of3,1,87,0.822881,0.8228805661201477,0.854268,0.8542683124542236,0.822881,0.8228805661201477,0.947,0.94698,0.885,0.88462,0.304,0.3042,0.549,0.5494
mythos_preview_multi_target_pdl1_rank07,of3,1,87,0.814509,0.8145093321800232,0.847274,0.8472744226455688,0.814509,0.8145093321800232,0.95,0.95001,0.938,0.9375,0.445,0.4445,0.7,0.7003
mythos_preview_multi_target_pdl1_rank08,of3,1,64,0.467036,0.4670364558696747,0.562568,0.5625675916671753,0.467036,0.4670364558696747,0.913,0.91266,0.884,0.88372,0.581,0.581,1.059,1.0588
mythos_preview_multi_target_pdl1_rank09,of3,1,75,0.678316,0.6783159971237183,0.683766,0.6837660074234009,0.678316,0.6783159971237183,0.868,0.86765,0.824,0.82353,0.711,0.7114,1.665,1.6648
mythos_preview_multi_target_pdl1_rank10,of3,1,64,0.08928,0.08927998691797256,0.08928,0.08927998691797256,0.106236,0.10623563081026077,0.913,0.9134,0.872,0.87234,0.545,0.5452,1.066,1.0655
mythos_preview_multi_target_pdl1_rank11,of3,1,75,0.79852,0.7985197901725769,0.819173,0.8191733360290527,0.79852,0.7985197901725769,0.698,0.69766,0.652,0.65217,1.342,1.3418,3.06,3.0597
mythos_preview_multi_target_pdl1_rank12,of3,1,75,0.742349,0.7423490881919861,0.765121,0.7651205658912659,0.742349,0.7423490881919861,0.976,0.97598,1.0,1.0,0.395,0.3954,0.718,0.7178
mythos_preview_multi_target_pdl1_rank13,of3,1,75,0.785431,0.7854307293891907,0.798901,0.798901379108429,0.785431,0.7854307293891907,0.519,0.5194,0.458,0.45833,2.151,2.1506,4.611,4.6114
mythos_preview_multi_target_pdl1_rank14,of3,1,75,0.770014,0.7700138688087463,0.801904,0.8019037246704102,0.770014,0.7700138688087463,0.952,0.95202,0.944,0.94444,0.435,0.4346,0.894,0.8944
mythos_preview_multi_target_pdl1_rank15,of3,1,75,0.748936,0.7489357590675354,0.760979,0.760979413986206,0.748936,0.7489357590675354,0.907,0.9069,0.8,0.8,0.421,0.4207,0.681,0.6813
mythos_preview_multi_target_pdl1_rank16,of3,1,75,0.798594,0.7985939383506775,0.815539,0.8155385851860046,0.798594,0.7985939383506775,0.857,0.85745,0.65,0.65,0.418,0.418,0.639,0.6386
mythos_preview_multi_target_pdl1_rank17,of3,1,75,0.55152,0.5515195727348328,0.60749,0.6074895858764648,0.55152,0.5515195727348328,0.478,0.47826,0.235,0.23529,2.001,2.001,3.714,3.7137
mythos_preview_multi_target_pdl1_rank18,of3,1,64,0.841973,0.8419733047485352,0.90161,0.9016098976135254,0.841973,0.8419733047485352,0.943,0.94324,0.941,0.94118,0.501,0.5012,0.898,0.8976
mythos_preview_multi_target_pdl1_rank19,of3,1,75,0.144612,0.14461244642734528,0.144612,0.14461244642734528,0.19415,0.19414955377578735,0.061,0.06063,0.0,0.0,10.929,10.929,19.234,19.234
mythos_preview_multi_target_pdl1_rank20,of3,1,75,0.188413,0.1884126216173172,0.188413,0.1884126216173172,0.227076,0.22707593441009521,0.081,0.08145,0.048,0.04762,10.156,10.1555,18.432,18.4321
mythos_preview_multi_target_pdl1_rank01,ptxv2,1,75,0.932125,0.9321248531341553,0.949178,0.9491779804229736,0.932125,0.9321248531341553,0.977,0.97744,0.957,0.95652,0.228,0.2279,0.343,0.3429
mythos_preview_multi_target_pdl1_rank02,ptxv2,1,75,0.920413,0.9204127788543701,0.94184,0.9418400526046753,0.920413,0.9204127788543701,0.957,0.95664,0.909,0.90909,0.281,0.2813,0.614,0.6142
mythos_preview_multi_target_pdl1_rank03,ptxv2,1,75,0.926728,0.9267281889915466,0.949276,0.9492756724357605,0.926728,0.9267281889915466,0.958,0.9583,0.913,0.91304,0.29,0.2898,0.398,0.3977
mythos_preview_multi_target_pdl1_rank04,ptxv2,1,64,0.929589,0.9295892119407654,0.938803,0.93880295753479,0.929589,0.9295892119407654,0.953,0.95321,0.955,0.95455,0.477,0.4768,0.478,0.4775
mythos_preview_multi_target_pdl1_rank05,ptxv2,1,87,0.924772,0.9247714877128601,0.942881,0.9428809881210327,0.924772,0.9247714877128601,0.936,0.93613,0.846,0.84615,0.28,0.28,0.545,0.5455
mythos_preview_multi_target_pdl1_rank06,ptxv2,1,87,0.936751,0.9367510676383972,0.950559,0.9505591988563538,0.936751,0.9367510676383972,0.937,0.93731,0.885,0.88462,0.397,0.3966,0.731,0.7308
mythos_preview_multi_target_pdl1_rank07,ptxv2,1,87,0.935124,0.9351243376731873,0.945357,0.9453571438789368,0.935124,0.9351243376731873,0.959,0.95945,0.938,0.9375,0.352,0.3524,0.705,0.7052
mythos_preview_multi_target_pdl1_rank08,ptxv2,1,64,0.930238,0.9302380681037903,0.941929,0.9419287443161011,0.930238,0.9302380681037903,0.963,0.96251,0.953,0.95349,0.388,0.3876,0.493,0.4928
mythos_preview_multi_target_pdl1_rank09,ptxv2,1,75,0.914368,0.9143678545951843,0.927931,0.9279314279556274,0.914368,0.9143678545951843,0.896,0.8959,0.765,0.76471,0.408,0.4081,0.768,0.7676
mythos_preview_multi_target_pdl1_rank10,ptxv2,1,64,0.91209,0.9120904207229614,0.922725,0.9227250814437866,0.91209,0.9120904207229614,0.947,0.94743,0.894,0.89362,0.34,0.3402,0.416,0.4163
mythos_preview_multi_target_pdl1_rank11,ptxv2,1,75,0.926458,0.9264577627182007,0.93446,0.9344601035118103,0.926458,0.9264577627182007,0.959,0.9586,1.0,1.0,0.502,0.5023,1.315,1.3151
mythos_preview_multi_target_pdl1_rank12,ptxv2,1,75,0.917799,0.9177991151809692,0.92137,0.921370267868042,0.917799,0.9177991151809692,0.949,0.94919,0.913,0.91304,0.353,0.3531,0.974,0.9742
mythos_preview_multi_target_pdl1_rank13,ptxv2,1,75,0.923852,0.9238521456718445,0.935458,0.9354576468467712,0.923852,0.9238521456718445,0.854,0.85389,0.75,0.75,0.674,0.6737,1.229,1.2293
mythos_preview_multi_target_pdl1_rank14,ptxv2,1,75,0.904484,0.9044842720031738,0.917841,0.9178406000137329,0.904484,0.9044842720031738,0.939,0.93875,0.944,0.94444,0.513,0.513,1.318,1.3176
mythos_preview_multi_target_pdl1_rank15,ptxv2,1,75,0.903345,0.9033449292182922,0.904776,0.9047760367393494,0.903345,0.9033449292182922,0.862,0.8622,0.7,0.7,0.479,0.4786,1.245,1.2445
mythos_preview_multi_target_pdl1_rank16,ptxv2,1,75,0.913494,0.9134938716888428,0.917547,0.9175469279289246,0.913494,0.9134938716888428,0.834,0.83399,0.6,0.6,0.456,0.4562,0.989,0.9892
mythos_preview_multi_target_pdl1_rank17,ptxv2,1,75,0.921656,0.9216558933258057,0.948645,0.9486448764801025,0.921656,0.9216558933258057,0.892,0.89212,0.765,0.76471,0.445,0.4448,0.74,0.7402
mythos_preview_multi_target_pdl1_rank18,ptxv2,1,64,0.911347,0.9113473892211914,0.935491,0.9354907870292664,0.911347,0.9113473892211914,0.855,0.85478,0.706,0.70588,0.566,0.5664,1.11,1.1098
mythos_preview_multi_target_pdl1_rank19,ptxv2,1,75,0.904714,0.9047139286994934,0.914018,0.9140180945396423,0.904714,0.9047139286994934,0.957,0.95676,0.941,0.94118,0.378,0.3777,0.908,0.9079
mythos_preview_multi_target_pdl1_rank20,ptxv2,1,75,0.911025,0.9110254645347595,0.918295,0.9182947874069214,0.911025,0.9110254645347595,0.884,0.8835,0.714,0.71429,0.364,0.3637,0.776,0.7757
mythos_preview_multi_target_pdl1_rank01,rf3,1,75,0.763864,0.7638636827468872,0.822378,0.8223784565925598,0.763864,0.7638636827468872,0.921,0.92085,0.826,0.82609,0.371,0.3707,0.659,0.659
mythos_preview_multi_target_pdl1_rank02,rf3,1,75,0.768586,0.7685860991477966,0.823685,0.8236854672431946,0.768586,0.7685860991477966,0.943,0.94295,0.864,0.86364,0.271,0.2714,0.475,0.4748
mythos_preview_multi_target_pdl1_rank03,rf3,1,75,0.775103,0.7751032114028931,0.835946,0.8359463810920715,0.775103,0.7751032114028931,0.903,0.90298,0.783,0.78261,0.402,0.402,0.697,0.6966
mythos_preview_multi_target_pdl1_rank04,rf3,1,64,0.717843,0.7178429961204529,0.790132,0.7901320457458496,0.717843,0.7178429961204529,0.936,0.93583,0.932,0.93182,0.543,0.5435,0.776,0.7764
mythos_preview_multi_target_pdl1_rank05,rf3,1,87,0.692611,0.6926113367080688,0.749647,0.749646782875061,0.692611,0.6926113367080688,0.939,0.93941,0.923,0.92308,0.49,0.4905,0.775,0.7754
mythos_preview_multi_target_pdl1_rank06,rf3,1,87,0.749951,0.7499510049819946,0.800551,0.8005510568618774,0.749951,0.7499510049819946,0.935,0.93486,0.885,0.88462,0.416,0.4156,0.799,0.7989
mythos_preview_multi_target_pdl1_rank07,rf3,1,87,0.752281,0.7522806525230408,0.805295,0.8052949905395508,0.752281,0.7522806525230408,0.954,0.95429,0.969,0.96875,0.494,0.4939,0.766,0.7662
mythos_preview_multi_target_pdl1_rank08,rf3,1,64,0.713949,0.7139492034912109,0.777428,0.777428150177002,0.713949,0.7139492034912109,0.947,0.94728,0.93,0.93023,0.456,0.456,0.525,0.5254
mythos_preview_multi_target_pdl1_rank09,rf3,1,75,0.672195,0.6721950173377991,0.732287,0.7322866320610046,0.672195,0.6721950173377991,0.953,0.95332,0.941,0.94118,0.41,0.41,0.925,0.9248
mythos_preview_multi_target_pdl1_rank10,rf3,1,64,0.713114,0.7131142616271973,0.776166,0.7761663794517517,0.713114,0.7131142616271973,0.933,0.93251,0.915,0.91489,0.525,0.5245,0.783,0.7831
mythos_preview_multi_target_pdl1_rank11,rf3,1,75,0.732156,0.7321563363075256,0.766453,0.7664533257484436,0.732156,0.7321563363075256,0.942,0.94189,0.957,0.95652,0.554,0.5544,0.882,0.8819
mythos_preview_multi_target_pdl1_rank12,rf3,1,75,0.68481,0.6848099827766418,0.719103,0.7191027998924255,0.68481,0.6848099827766418,0.939,0.93857,0.913,0.91304,0.454,0.4536,0.997,0.9967
mythos_preview_multi_target_pdl1_rank13,rf3,1,75,0.732628,0.732628345489502,0.773401,0.7734009027481079,0.732628,0.732628345489502,0.87,0.87012,0.833,0.83333,0.722,0.722,1.616,1.6163
mythos_preview_multi_target_pdl1_rank14,rf3,1,75,0.730477,0.7304767370223999,0.752765,0.7527645826339722,0.730477,0.7304767370223999,0.942,0.94202,0.944,0.94444,0.495,0.4949,1.221,1.2207
mythos_preview_multi_target_pdl1_rank15,rf3,1,75,0.721998,0.7219976186752319,0.735966,0.7359657883644104,0.721998,0.7219976186752319,0.93,0.93037,0.85,0.85,0.348,0.3481,0.754,0.7537
mythos_preview_multi_target_pdl1_rank16,rf3,1,75,0.726773,0.726773202419281,0.734769,0.7347694635391235,0.726773,0.726773202419281,0.956,0.95582,0.95,0.95,0.421,0.4212,0.831,0.8312
mythos_preview_multi_target_pdl1_rank17,rf3,1,75,0.622938,0.6229380965232849,0.715079,0.7150785326957703,0.622938,0.6229380965232849,0.896,0.89563,0.824,0.82353,0.535,0.5351,1.325,1.3255
mythos_preview_multi_target_pdl1_rank18,rf3,1,64,0.708185,0.7081851959228516,0.792476,0.7924757599830627,0.708185,0.7081851959228516,0.905,0.90525,0.824,0.82353,0.489,0.4895,0.918,0.9179
mythos_preview_multi_target_pdl1_rank19,rf3,1,75,0.214411,0.21441063284873962,0.302389,0.3023892641067505,0.214411,0.21441063284873962,0.06,0.05985,0.0,0.0,11.78,11.7796,19.219,19.2189
mythos_preview_multi_target_pdl1_rank20,rf3,1,75,0.70663,0.7066303491592407,0.762785,0.7627849578857422,0.70663,0.7066303491592407,0.845,0.8449,0.762,0.7619,0.741,0.7414,1.517,1.5173
