rank,cand,composite,pose_pass3,ipsae_avg,scdq_avg,bz_ipsae,ef_ipsae,bz_scdq,ef_scdq,px_scdq,px_iptm,backbone,method
1,cand00169,6.038,1,0.9076,0.8927,0.9241,0.891,0.922,0.879,0.877,0.965605,5C3T_binder_3,ProteinMPNN
2,cand00073,5.748,1,0.8923,0.9120,0.9228,0.8619,0.893,0.923,0.92,0.962667,5C3T_binder_3,SolubleMPNN
3,cand01918,5.187,1,0.8640,0.9457,0.8955,0.8326,0.956,0.94,0.941,0.939499,4ZQK_binder_1,ProteinMPNN
4,cand00725,5.074,1,0.8674,0.9220,0.9038,0.8309,0.943,0.912,0.911,0.918717,5C3T_binder_12,ProteinMPNN
5,cand00224,4.730,1,0.8640,0.8950,0.8984,0.8297,0.952,0.823,0.91,0.953123,4ZQK_binder_3,SolubleMPNN
6,cand01490,4.499,1,0.8443,0.9363,0.8847,0.8039,0.94,0.944,0.925,0.907942,4ZQK_binder_1,SolubleMPNN
7,cand00106,4.148,1,0.8461,0.8913,0.9032,0.789,0.859,0.907,0.908,0.944638,4ZQK_binder_3,SolubleMPNN
8,cand02270,3.852,1,0.8210,0.9437,0.9176,0.7243,0.934,0.946,0.951,0.934088,pdl1_binder_0,SolubleMPNN
9,cand01165,3.282,1,0.8054,0.9333,0.8594,0.7513,0.932,0.92,0.948,0.932593,4ZQK_binder_1,SolubleMPNN
10,cand01831,3.282,1,0.8203,0.8827,0.8607,0.7799,0.762,0.927,0.959,0.914447,pdl1_binder_0,ProteinMPNN
11,cand00205,3.130,1,0.8199,0.8670,0.884,0.7559,0.86,0.863,0.878,0.925594,5C3T_binder_3,ProteinMPNN
12,cand02299,2.856,1,0.8595,0.7027,0.8443,0.8747,0.682,0.687,0.739,0.892224,pdl1_binder_0,SolubleMPNN
13,cand02479,2.774,1,0.7969,0.9057,0.8299,0.7639,0.893,0.884,0.94,0.920427,4Z18_binder_8,ProteinMPNN
14,cand01790,2.735,1,0.7975,0.8993,0.8633,0.7317,0.869,0.959,0.87,0.895717,pdl1_binder_0,ProteinMPNN
15,cand02473,2.654,1,0.8102,0.8473,0.8625,0.7579,0.796,0.819,0.927,0.922756,4Z18_binder_8,ProteinMPNN
16,cand01943,2.071,1,0.7773,0.8940,0.8776,0.6771,0.904,0.886,0.892,0.925827,4ZQK_binder_1,ProteinMPNN
17,cand02153,1.851,1,0.7887,0.8313,0.8708,0.7065,0.956,0.785,0.753,0.902047,pdl1_binder_0,SolubleMPNN
18,cand02441,1.749,1,0.7805,0.8477,0.815,0.746,0.91,0.928,0.705,0.714963,4Z18_binder_8,SolubleMPNN
19,cand02286,1.561,1,0.7759,0.8423,0.8179,0.7339,0.932,0.77,0.825,0.91878,pdl1_binder_0,SolubleMPNN
20,cand01514,1.523,1,0.7705,0.8567,0.8565,0.6844,0.898,0.877,0.795,0.877124,4ZQK_binder_1,SolubleMPNN
21,cand02269,1.270,1,0.7560,0.8773,0.862,0.6501,0.838,0.892,0.902,0.94443,pdl1_binder_0,SolubleMPNN
22,cand02161,1.191,1,0.7332,0.9460,0.8536,0.6128,0.941,0.941,0.956,0.936802,pdl1_binder_0,SolubleMPNN
23,cand02050,0.424,1,0.7448,0.8217,0.7783,0.7113,0.835,0.772,0.858,0.816661,pdl1_binder_3,SolubleMPNN
24,cand02138,0.147,1,0.7100,0.9087,0.8653,0.5548,0.866,0.91,0.95,0.911995,pdl1_binder_0,SolubleMPNN
25,cand01522,0.040,1,0.7414,0.7907,0.8697,0.6131,0.889,0.752,0.731,0.904077,4ZQK_binder_1,SolubleMPNN
26,cand01770,-0.270,1,0.7104,0.8613,0.8072,0.6136,0.821,0.818,0.945,0.894243,pdl1_binder_0,ProteinMPNN
27,cand01347,-0.443,1,0.7228,0.8000,0.8291,0.6166,0.883,0.763,0.754,0.916232,4ZQK_binder_1,SolubleMPNN
28,cand00150,-0.668,1,0.7426,0.7083,0.6495,0.8356,0.6,0.74,0.785,0.749791,5C3T_binder_15,SolubleMPNN
29,cand02300,-0.802,1,0.6695,0.9407,0.8392,0.4999,0.958,0.934,0.93,0.898321,pdl1_binder_0,SolubleMPNN
30,cand02218,-0.806,1,0.7639,0.6207,0.8114,0.7164,0.56,0.8,0.502,0.833126,4ZQK_binder_2,SolubleMPNN
31,cand01590,-1.151,1,0.6645,0.9190,0.7529,0.5762,0.868,0.934,0.955,0.911933,pdl1_binder_0,ProteinMPNN
32,cand01739,-1.375,1,0.6735,0.8640,0.7616,0.5853,0.928,0.872,0.792,0.816179,4ZQK_binder_1,SolubleMPNN
33,cand01958,-1.815,1,0.6551,0.8773,0.7836,0.5266,0.823,0.932,0.877,0.897754,pdl1_binder_0,ProteinMPNN
34,cand02429,-2.011,1,0.6743,0.7907,0.8104,0.5382,0.792,0.794,0.786,0.762898,4Z18_binder_4,ProteinMPNN
35,cand01838,-3.107,1,0.7278,0.4880,0.8362,0.6194,0.676,0.451,0.337,0.861304,4ZQK_binder_13,SolubleMPNN
36,cand01526,-3.384,1,0.6676,0.6613,0.7548,0.5803,0.69,0.768,0.526,0.729813,4Z18_binder_15,SolubleMPNN
37,cand02070,-3.546,1,0.6260,0.7843,0.7634,0.4885,0.88,0.738,0.735,0.891287,pdl1_binder_0,SolubleMPNN
38,cand01469,-5.350,1,0.5985,0.6773,0.7874,0.4096,0.81,0.49,0.732,0.698943,pdl1_binder_3,SolubleMPNN
39,cand02117,-6.094,1,0.5590,0.7287,0.8915,0.2265,0.747,0.754,0.685,0.674861,4Z18_binder_13,SolubleMPNN
40,cand01320,-6.151,1,0.5324,0.8123,0.7543,0.3106,0.879,0.795,0.763,0.635668,4Z18_binder_11,SolubleMPNN
41,cand01894,-10.836,1,0.3760,0.8230,0.7334,0.0186,0.817,0.772,0.88,0.553611,5C3T_binder_0,ProteinMPNN
42,cand00658,-11.544,1,0.4501,0.4937,0.7139,0.1862,0.666,0.57,0.245,0.619884,5C3T_binder_4,SolubleMPNN
43,cand02343,-12.466,1,0.2872,0.9433,0.5474,0.0269,0.947,0.942,0.941,0.566863,4Z18_binder_6,SolubleMPNN
,cand00066,,0,0.6280,0.6140,0.3623,0.8938,0.037,0.928,0.877,0.878096,4ZQK_binder_3,ProteinMPNN
,cand02170,,0,0.4536,0.2307,0.4358,0.4714,0.093,0.024,0.575,0.521975,4Z18_binder_7,ProteinMPNN
,cand02115,,0,0.7395,0.5793,0.8577,0.6214,0.819,0.725,0.194,0.529341,4Z18_binder_13,SolubleMPNN
,cand02321,,0,0.6706,0.5873,0.8365,0.5047,0.877,0.853,0.032,0.095525,4Z18_binder_14,ProteinMPNN
,cand02248,,0,0.7750,0.4727,0.8145,0.7354,0.68,0.707,0.031,0.098412,4Z18_binder_14,ProteinMPNN
