cand,method,mean_plddt,ptm
cand00302,SolubleMPNN,98.03,0.81
cand02017,SolubleMPNN,97.93,0.79
cand00331,SolubleMPNN,97.92,0.81
cand00721,SolubleMPNN,97.9,0.8
cand00165,SolubleMPNN,97.9,0.8
cand00319,SolubleMPNN,97.87,0.81
cand00232,SolubleMPNN,97.85,0.81
cand00274,SolubleMPNN,97.85,0.81
cand00061,SolubleMPNN,97.84,0.81
cand01526,SolubleMPNN,97.84,0.79
cand00117,SolubleMPNN,97.83,0.8
cand01428,SolubleMPNN,97.83,0.78
cand01369,SolubleMPNN,97.82,0.8
cand01726,SolubleMPNN,97.82,0.78
cand01985,SolubleMPNN,97.81,0.8
cand01566,SolubleMPNN,97.79,0.78
cand00318,SolubleMPNN,97.79,0.81
cand00173,SolubleMPNN,97.78,0.8
cand02325,ProteinMPNN,97.77,0.8
cand00918,SolubleMPNN,97.77,0.8
cand01560,SolubleMPNN,97.76,0.8
cand02172,SolubleMPNN,97.76,0.79
cand01979,SolubleMPNN,97.75,0.78
cand00131,SolubleMPNN,97.75,0.81
cand00184,SolubleMPNN,97.74,0.81
cand01892,SolubleMPNN,97.74,0.78
cand01893,SolubleMPNN,97.73,0.78
cand01128,SolubleMPNN,97.73,0.8
cand00336,SolubleMPNN,97.71,0.79
cand01961,SolubleMPNN,97.7,0.79
cand01769,SolubleMPNN,97.7,0.79
cand01090,SolubleMPNN,97.67,0.8
cand00063,SolubleMPNN,97.67,0.81
cand01415,SolubleMPNN,97.67,0.79
cand02115,SolubleMPNN,97.65,0.79
cand00115,SolubleMPNN,97.64,0.84
cand00990,SolubleMPNN,97.63,0.79
cand02049,SolubleMPNN,97.63,0.78
cand00284,SolubleMPNN,97.63,0.8
cand01589,SolubleMPNN,97.62,0.79
cand01586,SolubleMPNN,97.61,0.79
cand01663,SolubleMPNN,97.61,0.8
cand01913,SolubleMPNN,97.61,0.78
cand02291,ProteinMPNN,97.6,0.79
cand01969,SolubleMPNN,97.59,0.78
cand01102,SolubleMPNN,97.59,0.78
cand00722,SolubleMPNN,97.56,0.79
cand00186,SolubleMPNN,97.56,0.84
cand01357,SolubleMPNN,97.56,0.79
cand01992,SolubleMPNN,97.55,0.79
cand01812,SolubleMPNN,97.54,0.78
cand01146,SolubleMPNN,97.54,0.79
cand01996,SolubleMPNN,97.53,0.79
cand01286,SolubleMPNN,97.53,0.79
cand00045,SolubleMPNN,97.53,0.84
cand01946,SolubleMPNN,97.53,0.78
cand01608,SolubleMPNN,97.53,0.78
cand00558,SolubleMPNN,97.52,0.79
cand01407,SolubleMPNN,97.52,0.79
cand01746,SolubleMPNN,97.52,0.78
cand01753,SolubleMPNN,97.52,0.79
cand02213,ProteinMPNN,97.51,0.78
cand01001,SolubleMPNN,97.51,0.79
cand01683,SolubleMPNN,97.51,0.77
cand00139,SolubleMPNN,97.5,0.8
cand01908,SolubleMPNN,97.5,0.79
cand01382,SolubleMPNN,97.49,0.79
cand01101,SolubleMPNN,97.49,0.79
cand02147,SolubleMPNN,97.49,0.79
cand02381,ProteinMPNN,97.49,0.79
cand02230,SolubleMPNN,97.48,0.8
cand01542,SolubleMPNN,97.47,0.79
cand02389,ProteinMPNN,97.45,0.79
cand00321,SolubleMPNN,97.44,0.8
cand01659,SolubleMPNN,97.44,0.78
cand02027,SolubleMPNN,97.43,0.79
cand01998,SolubleMPNN,97.41,0.79
cand00027,SolubleMPNN,97.41,0.84
cand01408,SolubleMPNN,97.41,0.79
cand01481,SolubleMPNN,97.41,0.78
cand01093,SolubleMPNN,97.4,0.79
cand01636,SolubleMPNN,97.4,0.79
cand01800,SolubleMPNN,97.39,0.78
cand02238,SolubleMPNN,97.39,0.79
cand00225,SolubleMPNN,97.39,0.81
cand02055,SolubleMPNN,97.39,0.78
cand01332,SolubleMPNN,97.39,0.78
cand01073,SolubleMPNN,97.39,0.79
cand01139,SolubleMPNN,97.39,0.78
cand00086,SolubleMPNN,97.38,0.83
cand01033,SolubleMPNN,97.38,0.8
cand00220,SolubleMPNN,97.38,0.83
cand01886,SolubleMPNN,97.38,0.77
cand01394,SolubleMPNN,97.37,0.79
cand01935,SolubleMPNN,97.37,0.79
cand01703,SolubleMPNN,97.37,0.78
cand01642,SolubleMPNN,97.36,0.79
cand00512,SolubleMPNN,97.36,0.79
cand01138,SolubleMPNN,97.36,0.79
cand00072,SolubleMPNN,97.35,0.83
cand01522,SolubleMPNN,97.35,0.79
cand01865,SolubleMPNN,97.35,0.78
cand02114,SolubleMPNN,97.35,0.78
cand00005,SolubleMPNN,97.34,0.84
cand00147,SolubleMPNN,97.34,0.84
cand02059,SolubleMPNN,97.34,0.79
cand01630,SolubleMPNN,97.34,0.66
cand00376,SolubleMPNN,97.34,0.79
cand00057,SolubleMPNN,97.33,0.84
cand02048,SolubleMPNN,97.33,0.77
cand02029,SolubleMPNN,97.32,0.78
cand01196,SolubleMPNN,97.32,0.79
cand01505,SolubleMPNN,97.31,0.78
cand01995,SolubleMPNN,97.3,0.77
cand01991,SolubleMPNN,97.3,0.77
cand00757,ProteinMPNN,97.29,0.83
cand00860,ProteinMPNN,97.28,0.8
cand00342,SolubleMPNN,97.28,0.84
cand01170,SolubleMPNN,97.28,0.78
cand01732,SolubleMPNN,97.28,0.78
cand00268,SolubleMPNN,97.28,0.8
cand00297,SolubleMPNN,97.28,0.83
cand00013,SolubleMPNN,97.27,0.84
cand01082,SolubleMPNN,97.26,0.79
cand01760,SolubleMPNN,97.26,0.78
cand02036,SolubleMPNN,97.25,0.78
cand00222,SolubleMPNN,97.25,0.83
cand00070,SolubleMPNN,97.24,0.83
cand01469,SolubleMPNN,97.23,0.78
cand02028,SolubleMPNN,97.21,0.78
cand00956,SolubleMPNN,97.21,0.79
cand02127,SolubleMPNN,97.19,0.78
cand02182,SolubleMPNN,97.19,0.66
cand01096,SolubleMPNN,97.18,0.77
cand01774,SolubleMPNN,97.17,0.77
cand02121,SolubleMPNN,97.16,0.78
cand00440,SolubleMPNN,97.16,0.81
cand01153,SolubleMPNN,97.15,0.78
cand01395,SolubleMPNN,97.14,0.79
cand01927,SolubleMPNN,97.14,0.76
cand01607,SolubleMPNN,97.14,0.79
cand00681,SolubleMPNN,97.13,0.79
cand01556,SolubleMPNN,97.12,0.78
cand00779,SolubleMPNN,97.11,0.79
cand00724,SolubleMPNN,97.1,0.78
cand01057,SolubleMPNN,97.1,0.77
cand01070,ProteinMPNN,97.1,0.77
cand02101,SolubleMPNN,97.1,0.78
cand02016,SolubleMPNN,97.09,0.77
cand01295,SolubleMPNN,97.08,0.78
cand00107,SolubleMPNN,97.08,0.83
cand02302,ProteinMPNN,97.08,0.78
cand00170,SolubleMPNN,97.07,0.83
cand01734,SolubleMPNN,97.07,0.77
cand00182,SolubleMPNN,97.05,0.79
cand00654,SolubleMPNN,97.05,0.79
cand02203,SolubleMPNN,97.05,0.78
cand01549,ProteinMPNN,97.05,0.79
cand00003,SolubleMPNN,97.04,0.84
cand01064,SolubleMPNN,97.04,0.81
cand01564,SolubleMPNN,97.03,0.79
cand00287,SolubleMPNN,97.03,0.79
cand02190,ProteinMPNN,97.03,0.78
cand02218,SolubleMPNN,97.02,0.78
cand01198,ProteinMPNN,97.02,0.76
cand02210,SolubleMPNN,97.01,0.77
cand00052,SolubleMPNN,97.01,0.84
cand01011,ProteinMPNN,97.01,0.81
cand02305,SolubleMPNN,97.0,0.78
cand00481,SolubleMPNN,97.0,0.78
cand01758,SolubleMPNN,97.0,0.78
cand00019,SolubleMPNN,96.99,0.85
cand00235,SolubleMPNN,96.99,0.74
cand01105,ProteinMPNN,96.98,0.78
cand00134,SolubleMPNN,96.97,0.79
cand02058,SolubleMPNN,96.97,0.79
cand01450,SolubleMPNN,96.96,0.77
cand02223,SolubleMPNN,96.96,0.78
cand00124,SolubleMPNN,96.96,0.79
cand02169,SolubleMPNN,96.96,0.78
cand00875,SolubleMPNN,96.95,0.78
cand00320,SolubleMPNN,96.95,0.82
cand02368,ProteinMPNN,96.95,0.79
cand02110,SolubleMPNN,96.94,0.77
cand01791,SolubleMPNN,96.93,0.78
cand01353,ProteinMPNN,96.93,0.77
cand00386,SolubleMPNN,96.93,0.8
cand00327,SolubleMPNN,96.92,0.79
cand00224,SolubleMPNN,96.92,0.83
cand01614,SolubleMPNN,96.92,0.78
cand01248,SolubleMPNN,96.92,0.82
cand02159,SolubleMPNN,96.91,0.78
cand00713,ProteinMPNN,96.91,0.78
cand00502,SolubleMPNN,96.9,0.81
cand01693,SolubleMPNN,96.9,0.78
cand01688,SolubleMPNN,96.89,0.76
cand01177,SolubleMPNN,96.89,0.77
cand00228,SolubleMPNN,96.89,0.79
cand00882,ProteinMPNN,96.89,0.8
cand01776,SolubleMPNN,96.88,0.78
cand02045,SolubleMPNN,96.88,0.72
cand02112,SolubleMPNN,96.88,0.79
cand01440,ProteinMPNN,96.87,0.78
cand00328,SolubleMPNN,96.87,0.79
cand01199,SolubleMPNN,96.87,0.78
cand00210,SolubleMPNN,96.87,0.79
cand01616,SolubleMPNN,96.87,0.79
cand00818,SolubleMPNN,96.87,0.79
cand01503,ProteinMPNN,96.87,0.78
cand00085,SolubleMPNN,96.86,0.79
cand01965,SolubleMPNN,96.85,0.78
cand01414,SolubleMPNN,96.84,0.78
cand01349,SolubleMPNN,96.84,0.79
cand01900,SolubleMPNN,96.83,0.77
cand00887,SolubleMPNN,96.83,0.79
cand01646,SolubleMPNN,96.82,0.79
cand00198,SolubleMPNN,96.81,0.79
cand00429,SolubleMPNN,96.81,0.79
cand02113,SolubleMPNN,96.81,0.79
cand01682,SolubleMPNN,96.8,0.78
cand02299,SolubleMPNN,96.78,0.79
cand01111,SolubleMPNN,96.77,0.78
cand02057,SolubleMPNN,96.77,0.7
cand00696,SolubleMPNN,96.77,0.82
cand00396,SolubleMPNN,96.77,0.8
cand00008,SolubleMPNN,96.76,0.83
cand00074,SolubleMPNN,96.76,0.83
cand01405,SolubleMPNN,96.76,0.59
cand02102,SolubleMPNN,96.76,0.77
cand02219,SolubleMPNN,96.75,0.77
cand02387,ProteinMPNN,96.75,0.78
cand01333,SolubleMPNN,96.75,0.8
cand00050,SolubleMPNN,96.73,0.84
cand00954,ProteinMPNN,96.73,0.78
cand01689,SolubleMPNN,96.73,0.78
cand00174,SolubleMPNN,96.72,0.78
cand00180,SolubleMPNN,96.71,0.83
cand00106,SolubleMPNN,96.71,0.84
cand01418,SolubleMPNN,96.7,0.78
cand01786,SolubleMPNN,96.7,0.79
cand00264,SolubleMPNN,96.7,0.83
cand00997,ProteinMPNN,96.69,0.8
cand00162,SolubleMPNN,96.68,0.82
cand00043,SolubleMPNN,96.68,0.83
cand01764,SolubleMPNN,96.68,0.79
cand01709,SolubleMPNN,96.68,0.78
cand02097,SolubleMPNN,96.68,0.77
cand00518,SolubleMPNN,96.67,0.81
cand01060,SolubleMPNN,96.67,0.76
cand02222,SolubleMPNN,96.66,0.78
cand00083,SolubleMPNN,96.66,0.82
cand01296,SolubleMPNN,96.65,0.78
cand01916,SolubleMPNN,96.65,0.7
cand02244,SolubleMPNN,96.64,0.77
cand01729,SolubleMPNN,96.63,0.79
cand00451,SolubleMPNN,96.63,0.83
cand00495,SolubleMPNN,96.62,0.77
cand01265,SolubleMPNN,96.62,0.75
cand02408,ProteinMPNN,96.61,0.77
cand00401,ProteinMPNN,96.61,0.78
cand00040,SolubleMPNN,96.61,0.83
cand01648,SolubleMPNN,96.61,0.78
cand01680,SolubleMPNN,96.61,0.81
cand00073,SolubleMPNN,96.59,0.8
cand01934,SolubleMPNN,96.59,0.76
cand00810,SolubleMPNN,96.59,0.78
cand02197,SolubleMPNN,96.59,0.78
cand00362,ProteinMPNN,96.59,0.83
cand02215,SolubleMPNN,96.56,0.77
cand00924,ProteinMPNN,96.55,0.77
cand01005,ProteinMPNN,96.55,0.81
cand00303,SolubleMPNN,96.55,0.81
cand02179,SolubleMPNN,96.55,0.78
cand01983,SolubleMPNN,96.54,0.77
cand00020,SolubleMPNN,96.54,0.84
cand01442,ProteinMPNN,96.54,0.77
cand01403,SolubleMPNN,96.54,0.76
cand02432,SolubleMPNN,96.53,0.6
cand00908,SolubleMPNN,96.53,0.77
cand02128,SolubleMPNN,96.52,0.77
cand00844,SolubleMPNN,96.51,0.78
cand00546,SolubleMPNN,96.51,0.81
cand01962,SolubleMPNN,96.5,0.78
cand00339,SolubleMPNN,96.5,0.82
cand01675,ProteinMPNN,96.5,0.78
cand00718,ProteinMPNN,96.5,0.77
cand00090,SolubleMPNN,96.49,0.78
cand02254,ProteinMPNN,96.48,0.77
cand02243,SolubleMPNN,96.48,0.78
cand01528,SolubleMPNN,96.48,0.76
cand00496,SolubleMPNN,96.47,0.81
cand01724,SolubleMPNN,96.47,0.77
cand00253,SolubleMPNN,96.46,0.8
cand00727,SolubleMPNN,96.45,0.77
cand00144,SolubleMPNN,96.45,0.79
cand01718,ProteinMPNN,96.44,0.76
cand00255,SolubleMPNN,96.44,0.81
cand00747,SolubleMPNN,96.43,0.83
cand01637,SolubleMPNN,96.43,0.78
cand00662,SolubleMPNN,96.42,0.81
cand01736,SolubleMPNN,96.41,0.8
cand01140,SolubleMPNN,96.41,0.77
cand00395,SolubleMPNN,96.41,0.82
cand00927,SolubleMPNN,96.4,0.78
cand00665,SolubleMPNN,96.39,0.78
cand01220,SolubleMPNN,96.39,0.78
cand01206,ProteinMPNN,96.39,0.78
cand00636,SolubleMPNN,96.39,0.81
cand01891,ProteinMPNN,96.39,0.78
cand00093,SolubleMPNN,96.38,0.83
cand02310,SolubleMPNN,96.38,0.76
cand02063,SolubleMPNN,96.38,0.77
cand01069,SolubleMPNN,96.38,0.77
cand00301,ProteinMPNN,96.38,0.83
cand00852,ProteinMPNN,96.37,0.78
cand01974,ProteinMPNN,96.37,0.8
cand02201,SolubleMPNN,96.36,0.77
cand02117,SolubleMPNN,96.33,0.76
cand00590,SolubleMPNN,96.32,0.81
cand01085,SolubleMPNN,96.32,0.82
cand00153,SolubleMPNN,96.32,0.78
cand01850,SolubleMPNN,96.32,0.79
cand00701,SolubleMPNN,96.32,0.79
cand01310,SolubleMPNN,96.31,0.77
cand00143,SolubleMPNN,96.31,0.77
cand00423,SolubleMPNN,96.3,0.8
cand01605,SolubleMPNN,96.3,0.76
cand01008,ProteinMPNN,96.29,0.78
cand00096,SolubleMPNN,96.28,0.83
cand00286,SolubleMPNN,96.28,0.77
cand00345,SolubleMPNN,96.27,0.8
cand00226,SolubleMPNN,96.27,0.78
cand01885,SolubleMPNN,96.27,0.77
cand01063,SolubleMPNN,96.26,0.77
cand01606,SolubleMPNN,96.25,0.77
cand00702,SolubleMPNN,96.25,0.8
cand01044,SolubleMPNN,96.24,0.77
cand01485,ProteinMPNN,96.24,0.77
cand01287,SolubleMPNN,96.23,0.78
cand01883,ProteinMPNN,96.22,0.77
cand00666,SolubleMPNN,96.2,0.79
cand02393,ProteinMPNN,96.2,0.78
cand00637,ProteinMPNN,96.2,0.77
cand00452,ProteinMPNN,96.19,0.77
cand00263,SolubleMPNN,96.19,0.77
cand00389,ProteinMPNN,96.19,0.76
cand01345,SolubleMPNN,96.18,0.74
cand00313,SolubleMPNN,96.18,0.77
cand02178,SolubleMPNN,96.18,0.76
cand01285,SolubleMPNN,96.17,0.79
cand00102,SolubleMPNN,96.15,0.82
cand02105,SolubleMPNN,96.15,0.78
cand00509,SolubleMPNN,96.14,0.81
cand02329,SolubleMPNN,96.13,0.76
cand00103,SolubleMPNN,96.13,0.77
cand00549,ProteinMPNN,96.13,0.76
cand00243,SolubleMPNN,96.13,0.79
cand02195,SolubleMPNN,96.13,0.75
cand00081,SolubleMPNN,96.12,0.73
cand01400,SolubleMPNN,96.11,0.8
cand00279,SolubleMPNN,96.11,0.72
cand00883,ProteinMPNN,96.1,0.8
cand01978,SolubleMPNN,96.09,0.78
cand01568,ProteinMPNN,96.09,0.77
cand00985,ProteinMPNN,96.08,0.77
cand01421,ProteinMPNN,96.07,0.75
cand02122,SolubleMPNN,96.06,0.76
cand00777,ProteinMPNN,96.05,0.81
cand01188,SolubleMPNN,96.05,0.73
cand00714,ProteinMPNN,96.05,0.76
cand00873,ProteinMPNN,96.04,0.75
cand00658,SolubleMPNN,96.04,0.82
cand00254,SolubleMPNN,96.04,0.8
cand01559,SolubleMPNN,96.03,0.8
cand02091,SolubleMPNN,96.03,0.76
cand00304,SolubleMPNN,96.02,0.8
cand00104,SolubleMPNN,96.01,0.76
cand02303,ProteinMPNN,96.01,0.77
cand00851,ProteinMPNN,96.0,0.79
cand01550,SolubleMPNN,96.0,0.81
cand01150,SolubleMPNN,96.0,0.75
cand02031,ProteinMPNN,95.99,0.79
cand00850,ProteinMPNN,95.99,0.76
cand00346,ProteinMPNN,95.99,0.8
cand00991,ProteinMPNN,95.99,0.79
cand00937,ProteinMPNN,95.99,0.76
cand02333,SolubleMPNN,95.98,0.75
cand01255,ProteinMPNN,95.98,0.77
cand00774,SolubleMPNN,95.97,0.78
cand01690,SolubleMPNN,95.97,0.74
cand01176,SolubleMPNN,95.97,0.77
cand01738,ProteinMPNN,95.97,0.77
cand02165,SolubleMPNN,95.97,0.75
cand00118,SolubleMPNN,95.96,0.83
cand02196,ProteinMPNN,95.96,0.76
cand00754,ProteinMPNN,95.95,0.76
cand00642,SolubleMPNN,95.95,0.8
cand01495,SolubleMPNN,95.95,0.78
cand01492,SolubleMPNN,95.95,0.8
cand01999,SolubleMPNN,95.94,0.78
cand02229,ProteinMPNN,95.94,0.77
cand01438,SolubleMPNN,95.94,0.75
cand01122,SolubleMPNN,95.94,0.76
cand01379,ProteinMPNN,95.93,0.78
cand00195,SolubleMPNN,95.93,0.82
cand02285,ProteinMPNN,95.93,0.76
cand00763,ProteinMPNN,95.93,0.76
cand00922,ProteinMPNN,95.92,0.77
cand00901,ProteinMPNN,95.92,0.8
cand01091,ProteinMPNN,95.91,0.77
cand01490,SolubleMPNN,95.91,0.76
cand00343,SolubleMPNN,95.9,0.81
cand00865,ProteinMPNN,95.89,0.78
cand01543,SolubleMPNN,95.88,0.75
cand01755,SolubleMPNN,95.88,0.77
cand00689,SolubleMPNN,95.88,0.78
cand02266,SolubleMPNN,95.87,0.75
cand00934,ProteinMPNN,95.87,0.76
cand01739,SolubleMPNN,95.87,0.77
cand01918,ProteinMPNN,95.87,0.78
cand02273,ProteinMPNN,95.86,0.76
cand00944,SolubleMPNN,95.86,0.72
cand00492,ProteinMPNN,95.86,0.79
cand01766,SolubleMPNN,95.86,0.76
cand02171,SolubleMPNN,95.84,0.76
cand02429,ProteinMPNN,95.83,0.75
cand02257,ProteinMPNN,95.83,0.75
cand02339,SolubleMPNN,95.82,0.75
cand02252,SolubleMPNN,95.82,0.76
cand01907,SolubleMPNN,95.82,0.77
cand00894,ProteinMPNN,95.82,0.76
cand00122,ProteinMPNN,95.81,0.81
cand02126,SolubleMPNN,95.8,0.76
cand00515,SolubleMPNN,95.8,0.79
cand00059,SolubleMPNN,95.79,0.77
cand01943,ProteinMPNN,95.79,0.76
cand01521,SolubleMPNN,95.79,0.78
cand01807,ProteinMPNN,95.78,0.77
cand00838,ProteinMPNN,95.77,0.79
cand01635,ProteinMPNN,95.76,0.8
cand01871,SolubleMPNN,95.75,0.78
cand00917,SolubleMPNN,95.75,0.76
cand01276,SolubleMPNN,95.75,0.76
cand02226,ProteinMPNN,95.74,0.76
cand00137,SolubleMPNN,95.74,0.76
cand00931,ProteinMPNN,95.74,0.76
cand00231,SolubleMPNN,95.74,0.82
cand00310,ProteinMPNN,95.74,0.82
cand01126,SolubleMPNN,95.74,0.85
cand00859,ProteinMPNN,95.73,0.75
cand00782,ProteinMPNN,95.73,0.75
cand01767,SolubleMPNN,95.72,0.76
cand01631,SolubleMPNN,95.72,0.74
cand00247,SolubleMPNN,95.72,0.8
cand01190,ProteinMPNN,95.71,0.76
cand01866,SolubleMPNN,95.69,0.78
cand01372,SolubleMPNN,95.68,0.76
cand00961,ProteinMPNN,95.68,0.75
cand02357,SolubleMPNN,95.67,0.76
cand02354,ProteinMPNN,95.67,0.76
cand00194,SolubleMPNN,95.67,0.83
cand00660,SolubleMPNN,95.67,0.79
cand00066,ProteinMPNN,95.67,0.8
cand02351,ProteinMPNN,95.66,0.76
cand01362,SolubleMPNN,95.66,0.78
cand00181,ProteinMPNN,95.66,0.8
cand00764,SolubleMPNN,95.66,0.76
cand00717,SolubleMPNN,95.66,0.77
cand02089,SolubleMPNN,95.66,0.76
cand00127,ProteinMPNN,95.65,0.83
cand00929,SolubleMPNN,95.65,0.78
cand01020,ProteinMPNN,95.64,0.76
cand00686,ProteinMPNN,95.64,0.73
cand00154,SolubleMPNN,95.62,0.76
cand02383,ProteinMPNN,95.62,0.77
cand00503,SolubleMPNN,95.62,0.82
cand01627,ProteinMPNN,95.62,0.77
cand00266,SolubleMPNN,95.61,0.75
cand00312,SolubleMPNN,95.61,0.76
cand01727,ProteinMPNN,95.6,0.76
cand00576,SolubleMPNN,95.59,0.8
cand00661,SolubleMPNN,95.58,0.81
cand02083,SolubleMPNN,95.57,0.76
cand02314,SolubleMPNN,95.56,0.58
cand02308,ProteinMPNN,95.56,0.74
cand00923,ProteinMPNN,95.56,0.79
cand01611,SolubleMPNN,95.56,0.74
cand02158,SolubleMPNN,95.55,0.75
cand02212,ProteinMPNN,95.55,0.76
cand00986,ProteinMPNN,95.55,0.77
cand02290,ProteinMPNN,95.55,0.76
cand00391,SolubleMPNN,95.53,0.8
cand02274,SolubleMPNN,95.52,0.75
cand00768,ProteinMPNN,95.52,0.76
cand01022,SolubleMPNN,95.52,0.75
cand00648,ProteinMPNN,95.51,0.76
cand00415,ProteinMPNN,95.51,0.8
cand02183,SolubleMPNN,95.51,0.76
cand00465,ProteinMPNN,95.5,0.79
cand01435,SolubleMPNN,95.48,0.76
cand01844,SolubleMPNN,95.48,0.77
cand02404,SolubleMPNN,95.46,0.78
cand00042,ProteinMPNN,95.46,0.79
cand00785,SolubleMPNN,95.46,0.79
cand01705,SolubleMPNN,95.46,0.75
cand01049,SolubleMPNN,95.46,0.55
cand01416,ProteinMPNN,95.45,0.77
cand02106,SolubleMPNN,95.44,0.75
cand02330,SolubleMPNN,95.43,0.76
cand02388,ProteinMPNN,95.43,0.74
cand00667,ProteinMPNN,95.41,0.8
cand01401,SolubleMPNN,95.41,0.55
cand00449,ProteinMPNN,95.41,0.74
cand01856,SolubleMPNN,95.4,0.77
cand00881,SolubleMPNN,95.4,0.78
cand00300,ProteinMPNN,95.39,0.81
cand00728,SolubleMPNN,95.38,0.75
cand01960,ProteinMPNN,95.36,0.78
cand00060,SolubleMPNN,95.35,0.82
cand01759,SolubleMPNN,95.35,0.78
cand01884,ProteinMPNN,95.35,0.76
cand02103,SolubleMPNN,95.35,0.76
cand02056,SolubleMPNN,95.34,0.75
cand00031,SolubleMPNN,95.33,0.78
cand01443,SolubleMPNN,95.33,0.77
cand02150,SolubleMPNN,95.33,0.76
cand00941,ProteinMPNN,95.31,0.78
cand01692,SolubleMPNN,95.31,0.76
cand00694,ProteinMPNN,95.31,0.75
cand02424,ProteinMPNN,95.3,0.78
cand02235,SolubleMPNN,95.29,0.74
cand02038,SolubleMPNN,95.28,0.76
cand01686,SolubleMPNN,95.28,0.78
cand01620,SolubleMPNN,95.27,0.78
cand00004,SolubleMPNN,95.26,0.82
cand00141,SolubleMPNN,95.26,0.8
cand01437,SolubleMPNN,95.26,0.76
cand02428,ProteinMPNN,95.25,0.77
cand01964,SolubleMPNN,95.24,0.77
cand00329,ProteinMPNN,95.24,0.8
cand00337,SolubleMPNN,95.24,0.76
cand02008,SolubleMPNN,95.23,0.75
cand00014,ProteinMPNN,95.23,0.78
cand01076,SolubleMPNN,95.23,0.74
cand02086,SolubleMPNN,95.23,0.75
cand02116,SolubleMPNN,95.23,0.74
cand01921,ProteinMPNN,95.22,0.75
cand00878,ProteinMPNN,95.21,0.76
cand01471,SolubleMPNN,95.2,0.76
cand00125,SolubleMPNN,95.2,0.82
cand01575,ProteinMPNN,95.2,0.72
cand02081,SolubleMPNN,95.2,0.78
cand00743,SolubleMPNN,95.19,0.56
cand01360,SolubleMPNN,95.19,0.79
cand02287,SolubleMPNN,95.19,0.75
cand01136,SolubleMPNN,95.19,0.77
cand01370,SolubleMPNN,95.18,0.73
cand00166,SolubleMPNN,95.17,0.75
cand02283,SolubleMPNN,95.17,0.77
cand01579,SolubleMPNN,95.17,0.77
cand00790,ProteinMPNN,95.17,0.75
cand00836,ProteinMPNN,95.17,0.74
cand02151,SolubleMPNN,95.16,0.75
cand02327,SolubleMPNN,95.15,0.76
cand00843,ProteinMPNN,95.14,0.74
cand01664,ProteinMPNN,95.14,0.75
cand00002,SolubleMPNN,95.13,0.82
cand00427,SolubleMPNN,95.13,0.79
cand01399,ProteinMPNN,95.11,0.77
cand00791,SolubleMPNN,95.11,0.74
cand02166,SolubleMPNN,95.11,0.75
cand00325,SolubleMPNN,95.1,0.55
cand00972,ProteinMPNN,95.1,0.74
cand01604,ProteinMPNN,95.1,0.77
cand00033,ProteinMPNN,95.09,0.81
cand02289,SolubleMPNN,95.09,0.72
cand00778,SolubleMPNN,95.09,0.56
cand02047,ProteinMPNN,95.09,0.79
cand00246,SolubleMPNN,95.09,0.8
cand00824,ProteinMPNN,95.09,0.72
cand01784,SolubleMPNN,95.08,0.76
cand02060,ProteinMPNN,95.08,0.78
cand00995,ProteinMPNN,95.07,0.74
cand01777,SolubleMPNN,95.06,0.79
cand00691,ProteinMPNN,95.05,0.77
cand00309,ProteinMPNN,95.05,0.82
cand01662,SolubleMPNN,95.04,0.73
cand02295,SolubleMPNN,95.03,0.74
cand01788,ProteinMPNN,95.01,0.74
cand01854,SolubleMPNN,95.01,0.78
cand02069,ProteinMPNN,95.0,0.77
cand01615,SolubleMPNN,94.99,0.76
cand02335,SolubleMPNN,94.98,0.75
cand02345,ProteinMPNN,94.98,0.75
cand01957,SolubleMPNN,94.98,0.74
cand00573,SolubleMPNN,94.97,0.82
cand00109,ProteinMPNN,94.97,0.81
cand00087,ProteinMPNN,94.97,0.77
cand01687,ProteinMPNN,94.97,0.75
cand02260,SolubleMPNN,94.96,0.74
cand00494,ProteinMPNN,94.96,0.83
cand01192,ProteinMPNN,94.96,0.75
cand02133,SolubleMPNN,94.95,0.74
cand02402,SolubleMPNN,94.95,0.76
cand00765,ProteinMPNN,94.95,0.74
cand01533,ProteinMPNN,94.95,0.76
cand00270,ProteinMPNN,94.94,0.79
cand01260,SolubleMPNN,94.94,0.77
cand02406,ProteinMPNN,94.93,0.75
cand00051,ProteinMPNN,94.93,0.79
cand00618,SolubleMPNN,94.93,0.57
cand01308,SolubleMPNN,94.91,0.79
cand01058,SolubleMPNN,94.91,0.75
cand00861,SolubleMPNN,94.9,0.76
cand00973,ProteinMPNN,94.9,0.73
cand00570,SolubleMPNN,94.88,0.78
cand01531,SolubleMPNN,94.88,0.73
cand02039,SolubleMPNN,94.87,0.74
cand01810,ProteinMPNN,94.86,0.78
cand00736,SolubleMPNN,94.85,0.76
cand02304,SolubleMPNN,94.85,0.74
cand00939,SolubleMPNN,94.85,0.71
cand01829,SolubleMPNN,94.83,0.78
cand02220,ProteinMPNN,94.83,0.75
cand00692,SolubleMPNN,94.83,0.82
cand01484,SolubleMPNN,94.83,0.73
cand02427,SolubleMPNN,94.82,0.55
cand00793,SolubleMPNN,94.82,0.77
cand00789,SolubleMPNN,94.82,0.76
cand01246,ProteinMPNN,94.82,0.75
cand01919,SolubleMPNN,94.81,0.75
cand01294,SolubleMPNN,94.79,0.74
cand02216,SolubleMPNN,94.78,0.73
cand02315,SolubleMPNN,94.78,0.73
cand02272,SolubleMPNN,94.77,0.74
cand01506,ProteinMPNN,94.77,0.73
cand00383,SolubleMPNN,94.77,0.78
cand01821,SolubleMPNN,94.75,0.75
cand02012,SolubleMPNN,94.74,0.72
cand01326,ProteinMPNN,94.74,0.74
cand00688,ProteinMPNN,94.74,0.77
cand00562,SolubleMPNN,94.73,0.8
cand01763,ProteinMPNN,94.73,0.77
cand00619,SolubleMPNN,94.72,0.77
cand01107,ProteinMPNN,94.71,0.72
cand00900,ProteinMPNN,94.71,0.73
cand02373,ProteinMPNN,94.7,0.73
cand00623,SolubleMPNN,94.7,0.73
cand00633,SolubleMPNN,94.7,0.77
cand02026,SolubleMPNN,94.69,0.78
cand00591,ProteinMPNN,94.69,0.73
cand00963,SolubleMPNN,94.69,0.74
cand02376,SolubleMPNN,94.69,0.76
cand01846,ProteinMPNN,94.69,0.75
cand01234,ProteinMPNN,94.68,0.75
cand01209,ProteinMPNN,94.68,0.75
cand00022,SolubleMPNN,94.67,0.76
cand01546,SolubleMPNN,94.67,0.77
cand01532,SolubleMPNN,94.66,0.74
cand00092,ProteinMPNN,94.65,0.8
cand00356,ProteinMPNN,94.64,0.78
cand02264,SolubleMPNN,94.64,0.75
cand01038,SolubleMPNN,94.64,0.73
cand00466,SolubleMPNN,94.64,0.8
cand00646,SolubleMPNN,94.63,0.75
cand01078,SolubleMPNN,94.63,0.71
cand00167,SolubleMPNN,94.62,0.79
cand02371,ProteinMPNN,94.62,0.76
cand00946,ProteinMPNN,94.61,0.72
cand01623,SolubleMPNN,94.61,0.77
cand01088,SolubleMPNN,94.6,0.77
cand01584,ProteinMPNN,94.6,0.73
cand02168,SolubleMPNN,94.6,0.73
cand01707,SolubleMPNN,94.59,0.76
cand02076,SolubleMPNN,94.59,0.73
cand00707,SolubleMPNN,94.59,0.8
cand01712,SolubleMPNN,94.58,0.75
cand00275,ProteinMPNN,94.58,0.8
cand00672,ProteinMPNN,94.57,0.79
cand00903,SolubleMPNN,94.57,0.75
cand02186,SolubleMPNN,94.57,0.72
cand02378,SolubleMPNN,94.56,0.77
cand00610,SolubleMPNN,94.56,0.79
cand02152,ProteinMPNN,94.55,0.73
cand00344,SolubleMPNN,94.55,0.8
cand00877,ProteinMPNN,94.54,0.72
cand01479,SolubleMPNN,94.54,0.79
cand01697,SolubleMPNN,94.54,0.74
cand02052,SolubleMPNN,94.54,0.67
cand02020,ProteinMPNN,94.53,0.77
cand01848,SolubleMPNN,94.53,0.78
cand00334,ProteinMPNN,94.52,0.72
cand00332,ProteinMPNN,94.52,0.8
cand00403,ProteinMPNN,94.52,0.72
cand02362,SolubleMPNN,94.52,0.73
cand02464,SolubleMPNN,94.52,0.76
cand00699,SolubleMPNN,94.52,0.73
cand01499,SolubleMPNN,94.51,0.72
cand00738,ProteinMPNN,94.5,0.78
cand02233,SolubleMPNN,94.5,0.72
cand01704,ProteinMPNN,94.5,0.74
cand01191,ProteinMPNN,94.49,0.74
cand02164,ProteinMPNN,94.49,0.74
cand01454,SolubleMPNN,94.48,0.71
cand02412,ProteinMPNN,94.48,0.72
cand00769,ProteinMPNN,94.48,0.77
cand00467,SolubleMPNN,94.48,0.79
cand01121,ProteinMPNN,94.48,0.72
cand01723,SolubleMPNN,94.47,0.73
cand00354,SolubleMPNN,94.46,0.77
cand02231,ProteinMPNN,94.46,0.76
cand01617,SolubleMPNN,94.45,0.74
cand01482,SolubleMPNN,94.45,0.73
cand02275,ProteinMPNN,94.44,0.74
cand01145,ProteinMPNN,94.44,0.73
cand02061,SolubleMPNN,94.43,0.73
cand02092,SolubleMPNN,94.43,0.67
cand01147,ProteinMPNN,94.42,0.73
cand02379,ProteinMPNN,94.41,0.71
cand01649,ProteinMPNN,94.4,0.74
cand02382,ProteinMPNN,94.4,0.71
cand01860,SolubleMPNN,94.4,0.76
cand01141,SolubleMPNN,94.4,0.7
cand02018,SolubleMPNN,94.39,0.77
cand00262,SolubleMPNN,94.39,0.79
cand00695,SolubleMPNN,94.39,0.76
cand01721,SolubleMPNN,94.38,0.73
cand01361,ProteinMPNN,94.37,0.71
cand00021,SolubleMPNN,94.37,0.8
cand00009,SolubleMPNN,94.37,0.79
cand00890,ProteinMPNN,94.36,0.75
cand00753,SolubleMPNN,94.35,0.72
cand00190,SolubleMPNN,94.35,0.77
cand01857,SolubleMPNN,94.35,0.76
cand00402,ProteinMPNN,94.34,0.71
cand01571,ProteinMPNN,94.34,0.74
cand01367,SolubleMPNN,94.33,0.71
cand01591,ProteinMPNN,94.33,0.75
cand00519,SolubleMPNN,94.33,0.78
cand02326,ProteinMPNN,94.32,0.74
cand02167,SolubleMPNN,94.32,0.72
cand00155,ProteinMPNN,94.31,0.83
cand01109,ProteinMPNN,94.3,0.71
cand01768,SolubleMPNN,94.3,0.73
cand01895,ProteinMPNN,94.3,0.73
cand01898,ProteinMPNN,94.3,0.77
cand00299,SolubleMPNN,94.3,0.74
cand00588,SolubleMPNN,94.29,0.8
cand00024,SolubleMPNN,94.29,0.78
cand01667,SolubleMPNN,94.29,0.75
cand01781,SolubleMPNN,94.28,0.76
cand00915,ProteinMPNN,94.28,0.72
cand01836,ProteinMPNN,94.26,0.74
cand01118,SolubleMPNN,94.26,0.77
cand00639,SolubleMPNN,94.26,0.75
cand01104,SolubleMPNN,94.25,0.76
cand01212,SolubleMPNN,94.25,0.83
cand00608,ProteinMPNN,94.24,0.76
cand00589,SolubleMPNN,94.23,0.52
cand01748,SolubleMPNN,94.23,0.74
cand00445,ProteinMPNN,94.23,0.78
cand01273,SolubleMPNN,94.22,0.72
cand02180,SolubleMPNN,94.22,0.74
cand00011,ProteinMPNN,94.21,0.8
cand01236,ProteinMPNN,94.21,0.71
cand00708,SolubleMPNN,94.2,0.8
cand00899,SolubleMPNN,94.2,0.82
cand01288,SolubleMPNN,94.19,0.75
cand00340,SolubleMPNN,94.19,0.75
cand01103,ProteinMPNN,94.18,0.74
cand02025,SolubleMPNN,94.17,0.74
cand01696,SolubleMPNN,94.17,0.66
cand02313,SolubleMPNN,94.16,0.73
cand00056,SolubleMPNN,94.16,0.73
cand01470,SolubleMPNN,94.14,0.74
cand01384,SolubleMPNN,94.13,0.77
cand00199,SolubleMPNN,94.13,0.8
cand00417,ProteinMPNN,94.13,0.8
cand00773,SolubleMPNN,94.13,0.82
cand01210,SolubleMPNN,94.12,0.83
cand01347,SolubleMPNN,94.12,0.71
cand02088,SolubleMPNN,94.12,0.73
cand00832,SolubleMPNN,94.11,0.7
cand02346,ProteinMPNN,94.1,0.71
cand01830,SolubleMPNN,94.1,0.77
cand00477,ProteinMPNN,94.1,0.79
cand01855,SolubleMPNN,94.1,0.77
cand02129,ProteinMPNN,94.09,0.75
cand00160,SolubleMPNN,94.08,0.78
cand01061,SolubleMPNN,94.08,0.76
cand01149,SolubleMPNN,94.08,0.77
cand01988,SolubleMPNN,94.07,0.74
cand00870,ProteinMPNN,94.06,0.76
cand00157,SolubleMPNN,94.05,0.81
cand01684,SolubleMPNN,94.05,0.76
cand02014,SolubleMPNN,94.04,0.76
cand00169,ProteinMPNN,94.04,0.77
cand00620,ProteinMPNN,94.04,0.71
cand02100,SolubleMPNN,94.03,0.75
cand02249,SolubleMPNN,94.02,0.74
cand01778,ProteinMPNN,94.02,0.77
cand01912,ProteinMPNN,94.02,0.75
cand01717,SolubleMPNN,94.01,0.73
cand00978,ProteinMPNN,93.97,0.72
cand01837,SolubleMPNN,93.96,0.75
cand02125,SolubleMPNN,93.96,0.72
cand01795,SolubleMPNN,93.96,0.75
cand02214,SolubleMPNN,93.95,0.73
cand02360,SolubleMPNN,93.95,0.71
cand01641,SolubleMPNN,93.92,0.68
cand01391,ProteinMPNN,93.91,0.7
cand01423,SolubleMPNN,93.91,0.7
cand01359,ProteinMPNN,93.91,0.73
cand00487,SolubleMPNN,93.9,0.76
cand00706,ProteinMPNN,93.9,0.78
cand01131,SolubleMPNN,93.9,0.75
cand01113,SolubleMPNN,93.89,0.78
cand01006,ProteinMPNN,93.89,0.72
cand01842,ProteinMPNN,93.89,0.75
cand00290,ProteinMPNN,93.89,0.76
cand02399,ProteinMPNN,93.88,0.7
cand00387,SolubleMPNN,93.88,0.78
cand01135,ProteinMPNN,93.86,0.7
cand02194,SolubleMPNN,93.85,0.71
cand01476,SolubleMPNN,93.84,0.76
cand00928,SolubleMPNN,93.84,0.8
cand01547,SolubleMPNN,93.84,0.73
cand01283,SolubleMPNN,93.83,0.71
cand02245,SolubleMPNN,93.83,0.75
cand01376,ProteinMPNN,93.82,0.73
cand02250,SolubleMPNN,93.82,0.72
cand00478,ProteinMPNN,93.82,0.79
cand01244,ProteinMPNN,93.82,0.71
cand01151,ProteinMPNN,93.82,0.73
cand02004,SolubleMPNN,93.81,0.72
cand00593,SolubleMPNN,93.81,0.79
cand01300,SolubleMPNN,93.81,0.78
cand01331,ProteinMPNN,93.81,0.73
cand02093,SolubleMPNN,93.81,0.72
cand01422,ProteinMPNN,93.79,0.69
cand01046,ProteinMPNN,93.79,0.7
cand01322,SolubleMPNN,93.76,0.73
cand00373,ProteinMPNN,93.76,0.79
cand00229,ProteinMPNN,93.75,0.79
cand02040,SolubleMPNN,93.75,0.7
cand00912,ProteinMPNN,93.74,0.73
cand01371,ProteinMPNN,93.71,0.7
cand00846,ProteinMPNN,93.7,0.73
cand02296,ProteinMPNN,93.7,0.72
cand00482,SolubleMPNN,93.7,0.8
cand01915,SolubleMPNN,93.7,0.74
cand00709,ProteinMPNN,93.7,0.71
cand02255,SolubleMPNN,93.69,0.71
cand01424,ProteinMPNN,93.69,0.69
cand00979,ProteinMPNN,93.68,0.75
cand01016,SolubleMPNN,93.68,0.7
cand01413,ProteinMPNN,93.67,0.71
cand00136,ProteinMPNN,93.66,0.81
cand00151,ProteinMPNN,93.66,0.76
cand02395,SolubleMPNN,93.66,0.74
cand01530,SolubleMPNN,93.66,0.75
cand01626,SolubleMPNN,93.66,0.69
cand01984,SolubleMPNN,93.65,0.73
cand02401,ProteinMPNN,93.65,0.73
cand02284,SolubleMPNN,93.64,0.74
cand01843,ProteinMPNN,93.64,0.77
cand02207,ProteinMPNN,93.63,0.77
cand00079,ProteinMPNN,93.63,0.8
cand02386,SolubleMPNN,93.62,0.73
cand02336,SolubleMPNN,93.61,0.73
cand02297,ProteinMPNN,93.61,0.71
cand01782,ProteinMPNN,93.61,0.72
cand02347,SolubleMPNN,93.6,0.73
cand00148,ProteinMPNN,93.6,0.76
cand01643,SolubleMPNN,93.6,0.75
cand01889,ProteinMPNN,93.6,0.74
cand01307,SolubleMPNN,93.58,0.77
cand00522,ProteinMPNN,93.58,0.77
cand01719,SolubleMPNN,93.58,0.74
cand01047,ProteinMPNN,93.58,0.68
cand00803,ProteinMPNN,93.57,0.73
cand00526,ProteinMPNN,93.55,0.77
cand00431,SolubleMPNN,93.54,0.78
cand00734,SolubleMPNN,93.53,0.8
cand01223,ProteinMPNN,93.53,0.73
cand02155,ProteinMPNN,93.52,0.7
cand00772,SolubleMPNN,93.52,0.79
cand00680,SolubleMPNN,93.52,0.73
cand02111,ProteinMPNN,93.52,0.72
cand00316,ProteinMPNN,93.52,0.78
cand00676,ProteinMPNN,93.51,0.77
cand00464,SolubleMPNN,93.51,0.79
cand02358,SolubleMPNN,93.5,0.7
cand02470,SolubleMPNN,93.5,0.74
cand01051,SolubleMPNN,93.5,0.69
cand01256,SolubleMPNN,93.5,0.54
cand02199,ProteinMPNN,93.49,0.72
cand02344,SolubleMPNN,93.48,0.71
cand00421,ProteinMPNN,93.48,0.77
cand02286,SolubleMPNN,93.48,0.75
cand00806,ProteinMPNN,93.48,0.78
cand00016,SolubleMPNN,93.47,0.78
cand02082,SolubleMPNN,93.47,0.75
cand00077,ProteinMPNN,93.46,0.76
cand01217,SolubleMPNN,93.46,0.51
cand02042,SolubleMPNN,93.46,0.72
cand01516,SolubleMPNN,93.46,0.7
cand00365,ProteinMPNN,93.46,0.78
cand00945,ProteinMPNN,93.45,0.76
cand01787,ProteinMPNN,93.45,0.73
cand00984,SolubleMPNN,93.44,0.69
cand00306,SolubleMPNN,93.44,0.74
cand00575,SolubleMPNN,93.43,0.51
cand01599,ProteinMPNN,93.43,0.68
cand01200,SolubleMPNN,93.43,0.69
cand00217,ProteinMPNN,93.43,0.75
cand02077,SolubleMPNN,93.43,0.71
cand00812,SolubleMPNN,93.42,0.75
cand00842,ProteinMPNN,93.41,0.69
cand00670,SolubleMPNN,93.41,0.74
cand02407,ProteinMPNN,93.41,0.72
cand00543,ProteinMPNN,93.41,0.73
cand01338,ProteinMPNN,93.41,0.73
cand00150,SolubleMPNN,93.39,0.78
cand00338,SolubleMPNN,93.38,0.71
cand00933,SolubleMPNN,93.38,0.79
cand01297,SolubleMPNN,93.37,0.75
cand01272,SolubleMPNN,93.37,0.68
cand00393,SolubleMPNN,93.37,0.78
cand01067,ProteinMPNN,93.35,0.67
cand00506,SolubleMPNN,93.33,0.76
cand02070,SolubleMPNN,93.33,0.75
cand01498,SolubleMPNN,93.32,0.77
cand01259,SolubleMPNN,93.32,0.51
cand01027,ProteinMPNN,93.31,0.71
cand01628,SolubleMPNN,93.31,0.76
cand01072,SolubleMPNN,93.3,0.74
cand00161,ProteinMPNN,93.29,0.76
cand01306,ProteinMPNN,93.29,0.73
cand01853,SolubleMPNN,93.28,0.74
cand01056,SolubleMPNN,93.28,0.75
cand00076,ProteinMPNN,93.27,0.78
cand00897,SolubleMPNN,93.27,0.73
cand02144,ProteinMPNN,93.26,0.75
cand01722,SolubleMPNN,93.26,0.73
cand02123,SolubleMPNN,93.25,0.72
cand01867,SolubleMPNN,93.25,0.76
cand00840,SolubleMPNN,93.24,0.75
cand01024,SolubleMPNN,93.24,0.69
cand01775,ProteinMPNN,93.23,0.69
cand02202,ProteinMPNN,93.22,0.68
cand02032,ProteinMPNN,93.2,0.74
cand00416,SolubleMPNN,93.19,0.78
cand02204,SolubleMPNN,93.18,0.73
cand00047,ProteinMPNN,93.18,0.73
cand00216,ProteinMPNN,93.18,0.76
cand00400,SolubleMPNN,93.17,0.79
cand01277,SolubleMPNN,93.16,0.72
cand02139,SolubleMPNN,93.13,0.7
cand00260,ProteinMPNN,93.13,0.74
cand01266,ProteinMPNN,93.13,0.71
cand00866,SolubleMPNN,93.12,0.69
cand02374,ProteinMPNN,93.12,0.71
cand00848,ProteinMPNN,93.11,0.79
cand00188,SolubleMPNN,93.11,0.78
cand01567,SolubleMPNN,93.11,0.74
cand01677,SolubleMPNN,93.11,0.75
cand01933,ProteinMPNN,93.11,0.73
cand02350,SolubleMPNN,93.1,0.72
cand01660,SolubleMPNN,93.1,0.73
cand01174,SolubleMPNN,93.09,0.68
cand00823,ProteinMPNN,93.08,0.75
cand00857,SolubleMPNN,93.07,0.71
cand00026,ProteinMPNN,93.07,0.73
cand01510,SolubleMPNN,93.07,0.76
cand02316,ProteinMPNN,93.06,0.75
cand00948,SolubleMPNN,93.06,0.75
cand00784,SolubleMPNN,93.06,0.79
cand00430,ProteinMPNN,93.05,0.77
cand01013,SolubleMPNN,93.05,0.75
cand00341,SolubleMPNN,93.04,0.77
cand01211,ProteinMPNN,93.04,0.67
cand00295,ProteinMPNN,93.04,0.61
cand02130,SolubleMPNN,93.03,0.71
cand01282,SolubleMPNN,93.03,0.76
cand02409,ProteinMPNN,93.02,0.69
cand01666,ProteinMPNN,93.02,0.73
cand01014,ProteinMPNN,93.02,0.68
cand01868,ProteinMPNN,93.01,0.75
cand00330,ProteinMPNN,93.0,0.75
cand00904,SolubleMPNN,93.0,0.67
cand02209,SolubleMPNN,92.99,0.75
cand00119,ProteinMPNN,92.99,0.78
cand01638,SolubleMPNN,92.99,0.71
cand02184,SolubleMPNN,92.98,0.7
cand02405,SolubleMPNN,92.97,0.72
cand01015,ProteinMPNN,92.97,0.72
cand00271,SolubleMPNN,92.96,0.76
cand02281,SolubleMPNN,92.95,0.51
cand02053,ProteinMPNN,92.95,0.74
cand01625,SolubleMPNN,92.95,0.71
cand01258,ProteinMPNN,92.95,0.68
cand01293,ProteinMPNN,92.94,0.7
cand02461,SolubleMPNN,92.94,0.74
cand00679,ProteinMPNN,92.92,0.73
cand01318,SolubleMPNN,92.92,0.68
cand00943,ProteinMPNN,92.92,0.72
cand02356,SolubleMPNN,92.91,0.72
cand01654,SolubleMPNN,92.91,0.75
cand01030,SolubleMPNN,92.91,0.82
cand01487,ProteinMPNN,92.91,0.67
cand02098,ProteinMPNN,92.9,0.76
cand01173,SolubleMPNN,92.89,0.75
cand02208,SolubleMPNN,92.88,0.7
cand01590,ProteinMPNN,92.87,0.72
cand00441,ProteinMPNN,92.87,0.64
cand00886,ProteinMPNN,92.87,0.74
cand01374,ProteinMPNN,92.86,0.71
cand01824,SolubleMPNN,92.86,0.69
cand00132,ProteinMPNN,92.86,0.75
cand00540,SolubleMPNN,92.86,0.76
cand01752,SolubleMPNN,92.85,0.71
cand00105,ProteinMPNN,92.84,0.78
cand01645,SolubleMPNN,92.84,0.66
cand01430,ProteinMPNN,92.84,0.7
cand02065,SolubleMPNN,92.84,0.69
cand00775,ProteinMPNN,92.83,0.77
cand01785,SolubleMPNN,92.83,0.73
cand01864,SolubleMPNN,92.83,0.74
cand00697,ProteinMPNN,92.83,0.77
cand00111,SolubleMPNN,92.81,0.76
cand01573,SolubleMPNN,92.81,0.68
cand02324,ProteinMPNN,92.8,0.67
cand02384,SolubleMPNN,92.8,0.73
cand02050,SolubleMPNN,92.8,0.67
cand00625,SolubleMPNN,92.79,0.78
cand01392,ProteinMPNN,92.78,0.71
cand00064,ProteinMPNN,92.76,0.74
cand02267,ProteinMPNN,92.76,0.68
cand00227,SolubleMPNN,92.76,0.76
cand01325,ProteinMPNN,92.76,0.7
cand00259,SolubleMPNN,92.76,0.78
cand01922,ProteinMPNN,92.75,0.73
cand01225,ProteinMPNN,92.75,0.71
cand01334,ProteinMPNN,92.75,0.7
cand01417,ProteinMPNN,92.74,0.71
cand02108,SolubleMPNN,92.74,0.71
cand00130,ProteinMPNN,92.73,0.77
cand01669,SolubleMPNN,92.73,0.77
cand01411,ProteinMPNN,92.73,0.67
cand01271,ProteinMPNN,92.73,0.71
cand00574,SolubleMPNN,92.72,0.76
cand02342,SolubleMPNN,92.72,0.73
cand01385,SolubleMPNN,92.7,0.76
cand01343,ProteinMPNN,92.7,0.66
cand00635,SolubleMPNN,92.7,0.77
cand00827,ProteinMPNN,92.7,0.67
cand01380,ProteinMPNN,92.69,0.7
cand00219,SolubleMPNN,92.69,0.75
cand02033,SolubleMPNN,92.68,0.7
cand00700,SolubleMPNN,92.68,0.71
cand00054,SolubleMPNN,92.67,0.77
cand01609,ProteinMPNN,92.67,0.69
cand00964,SolubleMPNN,92.66,0.68
cand01356,ProteinMPNN,92.66,0.72
cand02392,ProteinMPNN,92.65,0.7
cand01178,ProteinMPNN,92.65,0.69
cand01344,SolubleMPNN,92.64,0.77
cand00129,ProteinMPNN,92.63,0.75
cand01339,SolubleMPNN,92.63,0.74
cand01031,ProteinMPNN,92.62,0.71
cand00273,ProteinMPNN,92.61,0.74
cand01224,SolubleMPNN,92.58,0.8
cand01548,SolubleMPNN,92.58,0.75
cand01053,SolubleMPNN,92.58,0.67
cand02418,ProteinMPNN,92.57,0.72
cand01563,ProteinMPNN,92.55,0.69
cand02073,SolubleMPNN,92.55,0.72
cand01354,ProteinMPNN,92.55,0.68
cand01089,SolubleMPNN,92.54,0.67
cand00029,ProteinMPNN,92.53,0.77
cand00025,ProteinMPNN,92.52,0.75
cand00940,ProteinMPNN,92.52,0.74
cand02369,ProteinMPNN,92.52,0.68
cand00820,SolubleMPNN,92.52,0.69
cand00712,SolubleMPNN,92.52,0.79
cand01570,SolubleMPNN,92.51,0.73
cand00241,SolubleMPNN,92.51,0.67
cand00892,SolubleMPNN,92.51,0.74
cand01080,SolubleMPNN,92.5,0.69
cand02400,ProteinMPNN,92.5,0.7
cand02276,SolubleMPNN,92.5,0.69
cand02307,SolubleMPNN,92.49,0.72
cand00796,ProteinMPNN,92.49,0.79
cand00510,SolubleMPNN,92.49,0.77
cand02353,SolubleMPNN,92.48,0.68
cand01181,ProteinMPNN,92.48,0.7
cand00203,SolubleMPNN,92.48,0.76
cand01519,ProteinMPNN,92.48,0.7
cand01389,ProteinMPNN,92.47,0.71
cand00017,ProteinMPNN,92.45,0.74
cand00425,ProteinMPNN,92.44,0.77
cand01165,SolubleMPNN,92.44,0.69
cand01315,ProteinMPNN,92.43,0.69
cand01207,ProteinMPNN,92.43,0.72
cand01733,SolubleMPNN,92.43,0.66
cand01036,ProteinMPNN,92.42,0.66
cand01457,ProteinMPNN,92.41,0.71
cand02468,ProteinMPNN,92.41,0.71
cand00539,SolubleMPNN,92.4,0.76
cand01840,ProteinMPNN,92.4,0.73
cand00869,ProteinMPNN,92.39,0.72
cand02265,SolubleMPNN,92.39,0.7
cand01695,SolubleMPNN,92.38,0.74
cand02340,SolubleMPNN,92.36,0.73
cand00006,ProteinMPNN,92.36,0.72
cand01977,SolubleMPNN,92.35,0.72
cand02124,ProteinMPNN,92.33,0.69
cand01460,ProteinMPNN,92.32,0.69
cand02472,SolubleMPNN,92.32,0.71
cand01720,SolubleMPNN,92.31,0.71
cand01634,SolubleMPNN,92.31,0.73
cand01673,SolubleMPNN,92.3,0.69
cand00248,ProteinMPNN,92.3,0.76
cand00905,ProteinMPNN,92.3,0.66
cand01931,SolubleMPNN,92.29,0.71
cand00408,SolubleMPNN,92.28,0.77
cand02064,SolubleMPNN,92.28,0.72
cand00628,SolubleMPNN,92.26,0.66
cand01967,SolubleMPNN,92.25,0.75
cand00962,ProteinMPNN,92.24,0.74
cand02380,ProteinMPNN,92.24,0.7
cand01483,ProteinMPNN,92.24,0.69
cand00397,ProteinMPNN,92.24,0.76
cand01468,ProteinMPNN,92.23,0.67
cand01798,SolubleMPNN,92.23,0.71
cand01363,ProteinMPNN,92.22,0.67
cand00555,ProteinMPNN,92.22,0.76
cand00363,SolubleMPNN,92.21,0.73
cand00434,SolubleMPNN,92.2,0.79
cand01352,ProteinMPNN,92.2,0.65
cand00536,SolubleMPNN,92.19,0.71
cand02107,SolubleMPNN,92.19,0.69
cand01002,ProteinMPNN,92.18,0.72
cand00826,ProteinMPNN,92.18,0.71
cand02261,ProteinMPNN,92.17,0.7
cand01655,SolubleMPNN,92.17,0.67
cand01312,ProteinMPNN,92.16,0.67
cand01796,SolubleMPNN,92.15,0.67
cand00858,ProteinMPNN,92.13,0.66
cand02131,SolubleMPNN,92.13,0.68
cand00347,SolubleMPNN,92.13,0.75
cand02270,SolubleMPNN,92.13,0.71
cand01794,SolubleMPNN,92.13,0.73
cand01432,SolubleMPNN,92.12,0.76
cand00600,ProteinMPNN,92.12,0.72
cand01203,SolubleMPNN,92.09,0.7
cand02068,SolubleMPNN,92.09,0.72
cand01329,ProteinMPNN,92.09,0.67
cand02337,SolubleMPNN,92.07,0.73
cand01112,ProteinMPNN,92.07,0.65
cand02292,SolubleMPNN,92.07,0.71
cand00049,ProteinMPNN,92.06,0.76
cand00163,ProteinMPNN,92.05,0.76
cand02015,SolubleMPNN,92.03,0.7
cand01456,ProteinMPNN,92.03,0.67
cand01451,SolubleMPNN,92.03,0.66
cand02370,ProteinMPNN,92.03,0.72
cand00242,SolubleMPNN,92.03,0.76
cand00720,ProteinMPNN,92.02,0.7
cand00569,SolubleMPNN,92.02,0.72
cand01706,SolubleMPNN,92.02,0.69
cand01289,ProteinMPNN,92.01,0.68
cand01412,SolubleMPNN,92.01,0.74
cand02177,ProteinMPNN,92.01,0.68
cand02417,ProteinMPNN,92.0,0.7
cand00959,SolubleMPNN,92.0,0.71
cand02318,ProteinMPNN,91.98,0.68
cand02463,ProteinMPNN,91.97,0.73
cand01950,SolubleMPNN,91.96,0.71
cand01747,ProteinMPNN,91.96,0.72
cand02348,ProteinMPNN,91.95,0.67
cand01681,SolubleMPNN,91.95,0.71
cand00211,ProteinMPNN,91.95,0.75
cand00907,SolubleMPNN,91.95,0.67
cand00372,SolubleMPNN,91.95,0.73
cand01993,SolubleMPNN,91.94,0.69
cand00957,ProteinMPNN,91.94,0.76
cand02109,SolubleMPNN,91.94,0.72
cand00544,SolubleMPNN,91.92,0.75
cand00405,ProteinMPNN,91.91,0.78
cand01324,SolubleMPNN,91.91,0.73
cand01650,ProteinMPNN,91.9,0.68
cand00687,ProteinMPNN,91.9,0.76
cand01448,SolubleMPNN,91.89,0.69
cand00032,ProteinMPNN,91.87,0.75
cand02445,ProteinMPNN,91.87,0.7
cand01453,SolubleMPNN,91.85,0.71
cand00554,SolubleMPNN,91.85,0.76
cand01685,SolubleMPNN,91.85,0.65
cand01501,ProteinMPNN,91.85,0.69
cand01278,ProteinMPNN,91.85,0.71
cand01086,SolubleMPNN,91.84,0.73
cand02269,SolubleMPNN,91.84,0.72
cand02441,SolubleMPNN,91.83,0.72
cand01888,SolubleMPNN,91.83,0.71
cand00479,SolubleMPNN,91.83,0.54
cand01802,ProteinMPNN,91.82,0.71
cand01970,SolubleMPNN,91.82,0.69
cand00921,ProteinMPNN,91.82,0.7
cand00508,ProteinMPNN,91.82,0.77
cand02457,ProteinMPNN,91.82,0.69
cand02099,SolubleMPNN,91.82,0.69
cand02174,ProteinMPNN,91.81,0.71
cand00359,SolubleMPNN,91.8,0.74
cand01947,SolubleMPNN,91.8,0.71
cand01182,SolubleMPNN,91.8,0.53
cand01514,SolubleMPNN,91.8,0.7
cand01518,SolubleMPNN,91.8,0.66
cand02277,SolubleMPNN,91.79,0.68
cand00471,ProteinMPNN,91.79,0.77
cand02156,SolubleMPNN,91.78,0.7
cand00394,ProteinMPNN,91.78,0.76
cand01441,SolubleMPNN,91.77,0.67
cand01948,ProteinMPNN,91.77,0.74
cand02352,SolubleMPNN,91.76,0.71
cand01987,SolubleMPNN,91.76,0.7
cand00491,SolubleMPNN,91.75,0.52
cand02074,SolubleMPNN,91.75,0.68
cand00289,SolubleMPNN,91.74,0.75
cand01215,ProteinMPNN,91.73,0.65
cand02035,SolubleMPNN,91.72,0.69
cand00816,SolubleMPNN,91.72,0.75
cand02419,ProteinMPNN,91.71,0.71
cand01425,ProteinMPNN,91.71,0.65
cand02062,SolubleMPNN,91.7,0.71
cand00448,ProteinMPNN,91.7,0.73
cand01458,ProteinMPNN,91.68,0.65
cand01186,SolubleMPNN,91.68,0.71
cand00719,SolubleMPNN,91.68,0.76
cand00028,ProteinMPNN,91.66,0.77
cand02279,SolubleMPNN,91.65,0.69
cand01436,SolubleMPNN,91.65,0.73
cand02431,ProteinMPNN,91.64,0.7
cand01600,ProteinMPNN,91.64,0.67
cand02341,SolubleMPNN,91.63,0.67
cand00716,ProteinMPNN,91.63,0.76
cand01083,ProteinMPNN,91.61,0.66
cand01284,ProteinMPNN,91.61,0.67
cand02364,SolubleMPNN,91.61,0.71
cand01942,ProteinMPNN,91.61,0.74
cand01517,ProteinMPNN,91.6,0.7
cand01336,SolubleMPNN,91.59,0.64
cand00457,SolubleMPNN,91.58,0.73
cand01552,SolubleMPNN,91.57,0.64
cand00833,ProteinMPNN,91.57,0.71
cand01281,ProteinMPNN,91.56,0.69
cand01290,ProteinMPNN,91.55,0.73
cand01029,ProteinMPNN,91.55,0.64
cand00349,SolubleMPNN,91.54,0.69
cand02248,ProteinMPNN,91.52,0.68
cand01000,ProteinMPNN,91.52,0.65
cand01337,ProteinMPNN,91.52,0.67
cand00651,ProteinMPNN,91.51,0.76
cand01375,ProteinMPNN,91.48,0.72
cand01012,ProteinMPNN,91.48,0.68
cand02149,ProteinMPNN,91.45,0.68
cand00172,SolubleMPNN,91.44,0.76
cand01187,ProteinMPNN,91.44,0.64
cand00252,ProteinMPNN,91.44,0.71
cand01920,ProteinMPNN,91.42,0.72
cand01793,ProteinMPNN,91.42,0.68
cand01691,ProteinMPNN,91.42,0.71
cand00500,ProteinMPNN,91.41,0.71
cand00094,ProteinMPNN,91.4,0.72
cand00936,ProteinMPNN,91.4,0.76
cand00407,SolubleMPNN,91.38,0.77
cand01585,ProteinMPNN,91.38,0.63
cand01317,ProteinMPNN,91.37,0.74
cand00244,SolubleMPNN,91.36,0.73
cand01851,SolubleMPNN,91.36,0.75
cand01845,SolubleMPNN,91.36,0.74
cand02160,ProteinMPNN,91.36,0.7
cand00435,SolubleMPNN,91.34,0.76
cand01251,ProteinMPNN,91.34,0.74
cand01968,SolubleMPNN,91.33,0.7
cand02234,ProteinMPNN,91.32,0.65
cand01818,ProteinMPNN,91.31,0.7
cand00145,ProteinMPNN,91.31,0.71
cand01229,SolubleMPNN,91.3,0.73
cand01711,SolubleMPNN,91.3,0.64
cand00834,ProteinMPNN,91.3,0.71
cand00010,ProteinMPNN,91.28,0.75
cand01042,SolubleMPNN,91.28,0.72
cand01966,SolubleMPNN,91.25,0.74
cand01299,SolubleMPNN,91.25,0.69
cand01172,SolubleMPNN,91.25,0.7
cand01065,ProteinMPNN,91.25,0.62
cand02338,ProteinMPNN,91.24,0.7
cand01544,ProteinMPNN,91.24,0.67
cand01075,ProteinMPNN,91.24,0.67
cand00177,SolubleMPNN,91.23,0.73
cand01183,ProteinMPNN,91.23,0.73
cand01335,SolubleMPNN,91.23,0.65
cand00762,ProteinMPNN,91.22,0.69
cand01393,SolubleMPNN,91.21,0.64
cand00926,ProteinMPNN,91.21,0.7
cand02390,ProteinMPNN,91.21,0.65
cand02010,ProteinMPNN,91.2,0.69
cand00584,ProteinMPNN,91.19,0.68
cand01313,ProteinMPNN,91.19,0.7
cand00930,SolubleMPNN,91.19,0.71
cand01034,ProteinMPNN,91.19,0.66
cand01899,ProteinMPNN,91.19,0.68
cand00513,SolubleMPNN,91.18,0.76
cand02413,ProteinMPNN,91.17,0.71
cand01037,SolubleMPNN,91.17,0.76
cand02236,ProteinMPNN,91.16,0.66
cand00055,ProteinMPNN,91.16,0.72
cand00424,SolubleMPNN,91.14,0.74
cand01828,SolubleMPNN,91.13,0.71
cand00516,ProteinMPNN,91.13,0.76
cand00315,ProteinMPNN,91.13,0.75
cand02471,ProteinMPNN,91.12,0.69
cand01397,ProteinMPNN,91.11,0.64
cand02425,ProteinMPNN,91.1,0.68
cand02322,SolubleMPNN,91.09,0.66
cand00501,SolubleMPNN,91.09,0.75
cand00579,ProteinMPNN,91.08,0.65
cand00871,ProteinMPNN,91.08,0.71
cand00233,SolubleMPNN,91.08,0.74
cand01799,SolubleMPNN,91.07,0.69
cand00126,SolubleMPNN,91.06,0.75
cand00099,ProteinMPNN,91.06,0.7
cand02306,ProteinMPNN,91.06,0.66
cand00855,SolubleMPNN,91.05,0.65
cand01319,ProteinMPNN,91.04,0.72
cand00277,ProteinMPNN,91.04,0.7
cand00983,ProteinMPNN,91.03,0.7
cand01340,ProteinMPNN,91.03,0.65
cand02242,ProteinMPNN,91.02,0.65
cand02258,ProteinMPNN,91.02,0.69
cand01120,ProteinMPNN,91.02,0.65
cand01980,ProteinMPNN,91.01,0.69
cand02191,ProteinMPNN,91.0,0.69
cand00238,ProteinMPNN,90.99,0.59
cand00149,ProteinMPNN,90.98,0.72
cand01185,ProteinMPNN,90.98,0.63
cand01350,SolubleMPNN,90.97,0.7
cand00278,ProteinMPNN,90.97,0.74
cand01189,ProteinMPNN,90.95,0.66
cand00659,ProteinMPNN,90.94,0.73
cand01613,ProteinMPNN,90.94,0.66
cand00156,ProteinMPNN,90.93,0.75
cand02343,SolubleMPNN,90.92,0.65
cand02148,ProteinMPNN,90.92,0.68
cand00560,SolubleMPNN,90.9,0.74
cand00486,ProteinMPNN,90.9,0.68
cand02321,ProteinMPNN,90.89,0.66
cand00988,SolubleMPNN,90.89,0.72
cand02206,ProteinMPNN,90.88,0.69
cand00787,SolubleMPNN,90.87,0.76
cand01383,ProteinMPNN,90.86,0.7
cand01157,SolubleMPNN,90.86,0.65
cand02403,SolubleMPNN,90.85,0.69
cand01598,SolubleMPNN,90.85,0.68
cand01404,ProteinMPNN,90.85,0.65
cand00880,ProteinMPNN,90.85,0.67
cand02153,SolubleMPNN,90.84,0.69
cand00214,SolubleMPNN,90.83,0.72
cand02181,ProteinMPNN,90.83,0.68
cand01472,ProteinMPNN,90.81,0.69
cand01302,SolubleMPNN,90.81,0.73
cand01426,ProteinMPNN,90.81,0.63
cand01110,ProteinMPNN,90.8,0.68
cand02241,ProteinMPNN,90.79,0.66
cand00531,ProteinMPNN,90.79,0.78
cand00541,SolubleMPNN,90.79,0.75
cand01838,SolubleMPNN,90.78,0.7
cand02391,SolubleMPNN,90.78,0.67
cand00436,SolubleMPNN,90.75,0.77
cand00305,ProteinMPNN,90.75,0.75
cand00380,SolubleMPNN,90.75,0.75
cand02136,ProteinMPNN,90.74,0.64
cand01233,ProteinMPNN,90.74,0.66
cand02467,ProteinMPNN,90.74,0.67
cand01858,SolubleMPNN,90.72,0.68
cand00640,SolubleMPNN,90.71,0.74
cand02465,ProteinMPNN,90.69,0.67
cand01040,ProteinMPNN,90.69,0.67
cand02170,ProteinMPNN,90.68,0.71
cand00370,SolubleMPNN,90.68,0.75
cand01879,ProteinMPNN,90.67,0.68
cand00805,SolubleMPNN,90.66,0.73
cand01976,ProteinMPNN,90.65,0.72
cand01474,ProteinMPNN,90.64,0.7
cand01439,ProteinMPNN,90.64,0.67
cand01043,ProteinMPNN,90.63,0.65
cand02259,SolubleMPNN,90.62,0.66
cand01558,ProteinMPNN,90.62,0.74
cand01351,ProteinMPNN,90.62,0.62
cand01114,SolubleMPNN,90.61,0.63
cand02301,SolubleMPNN,90.59,0.66
cand01137,SolubleMPNN,90.59,0.71
cand01508,SolubleMPNN,90.58,0.73
cand02331,ProteinMPNN,90.56,0.63
cand00324,ProteinMPNN,90.54,0.73
cand02271,ProteinMPNN,90.54,0.69
cand00071,SolubleMPNN,90.51,0.75
cand01129,SolubleMPNN,90.51,0.74
cand02225,ProteinMPNN,90.5,0.71
cand00548,ProteinMPNN,90.5,0.74
cand01789,ProteinMPNN,90.49,0.64
cand02239,ProteinMPNN,90.46,0.66
cand01035,ProteinMPNN,90.46,0.63
cand01975,SolubleMPNN,90.45,0.7
cand00037,ProteinMPNN,90.45,0.69
cand01770,ProteinMPNN,90.45,0.69
cand00741,ProteinMPNN,90.44,0.75
cand00801,SolubleMPNN,90.44,0.68
cand01574,ProteinMPNN,90.43,0.68
cand02251,SolubleMPNN,90.42,0.65
cand00348,ProteinMPNN,90.41,0.74
cand02224,SolubleMPNN,90.4,0.67
cand01003,SolubleMPNN,90.39,0.77
cand00178,ProteinMPNN,90.38,0.7
cand00152,ProteinMPNN,90.38,0.7
cand02334,ProteinMPNN,90.36,0.67
cand01466,ProteinMPNN,90.35,0.62
cand02436,ProteinMPNN,90.35,0.67
cand01023,SolubleMPNN,90.35,0.76
cand00097,ProteinMPNN,90.34,0.69
cand02278,SolubleMPNN,90.34,0.69
cand01762,ProteinMPNN,90.34,0.69
cand00267,ProteinMPNN,90.34,0.69
cand00755,SolubleMPNN,90.33,0.75
cand01832,ProteinMPNN,90.33,0.7
cand01716,ProteinMPNN,90.33,0.72
cand00223,ProteinMPNN,90.32,0.73
cand01486,ProteinMPNN,90.32,0.72
cand02211,ProteinMPNN,90.31,0.63
cand01872,SolubleMPNN,90.31,0.74
cand01877,SolubleMPNN,90.3,0.66
cand01213,ProteinMPNN,90.26,0.68
cand00914,ProteinMPNN,90.26,0.71
cand01127,SolubleMPNN,90.26,0.7
cand00744,ProteinMPNN,90.24,0.72
cand00867,ProteinMPNN,90.24,0.69
cand01402,ProteinMPNN,90.22,0.72
cand01304,ProteinMPNN,90.21,0.61
cand01737,ProteinMPNN,90.21,0.73
cand01148,ProteinMPNN,90.21,0.68
cand01578,SolubleMPNN,90.2,0.6
cand00839,SolubleMPNN,90.2,0.76
cand00283,SolubleMPNN,90.2,0.72
cand00489,SolubleMPNN,90.17,0.72
cand00811,ProteinMPNN,90.17,0.63
cand02162,ProteinMPNN,90.16,0.67
cand01477,ProteinMPNN,90.15,0.68
cand01097,SolubleMPNN,90.14,0.75
cand00794,SolubleMPNN,90.14,0.73
cand01237,ProteinMPNN,90.11,0.69
cand02319,ProteinMPNN,90.09,0.67
cand02078,SolubleMPNN,90.08,0.72
cand02426,SolubleMPNN,90.07,0.71
cand01387,ProteinMPNN,90.06,0.69
cand01171,ProteinMPNN,90.05,0.7
cand00207,ProteinMPNN,90.03,0.72
cand01779,ProteinMPNN,90.02,0.69
cand00913,ProteinMPNN,90.01,0.71
cand00280,ProteinMPNN,90.01,0.72
cand00776,ProteinMPNN,90.0,0.75
cand02079,ProteinMPNN,90.0,0.68
cand00723,ProteinMPNN,89.98,0.72
cand00561,SolubleMPNN,89.98,0.71
cand00058,ProteinMPNN,89.98,0.69
cand02398,SolubleMPNN,89.95,0.65
cand01901,ProteinMPNN,89.94,0.68
cand01106,SolubleMPNN,89.93,0.69
cand02095,ProteinMPNN,89.93,0.68
cand00379,SolubleMPNN,89.93,0.72
cand00725,ProteinMPNN,89.92,0.71
cand01804,ProteinMPNN,89.92,0.68
cand01897,SolubleMPNN,89.91,0.72
cand01155,SolubleMPNN,89.9,0.76
cand00862,ProteinMPNN,89.87,0.72
cand02143,ProteinMPNN,89.85,0.62
cand01534,ProteinMPNN,89.85,0.62
cand00269,SolubleMPNN,89.85,0.73
cand00030,ProteinMPNN,89.84,0.59
cand02459,ProteinMPNN,89.84,0.65
cand01133,ProteinMPNN,89.84,0.6
cand01553,SolubleMPNN,89.82,0.72
cand01730,ProteinMPNN,89.8,0.7
cand00650,ProteinMPNN,89.78,0.73
cand01108,ProteinMPNN,89.78,0.61
cand01222,ProteinMPNN,89.76,0.71
cand01077,ProteinMPNN,89.76,0.65
cand02311,SolubleMPNN,89.75,0.66
cand01309,ProteinMPNN,89.71,0.73
cand02023,ProteinMPNN,89.69,0.66
cand00969,ProteinMPNN,89.69,0.7
cand00788,ProteinMPNN,89.68,0.67
cand00942,ProteinMPNN,89.66,0.63
cand00798,ProteinMPNN,89.66,0.74
cand00498,ProteinMPNN,89.66,0.67
cand00580,SolubleMPNN,89.65,0.7
cand00197,ProteinMPNN,89.65,0.74
cand01537,SolubleMPNN,89.65,0.72
cand00091,SolubleMPNN,89.64,0.73
cand01132,SolubleMPNN,89.64,0.7
cand01341,ProteinMPNN,89.63,0.68
cand00863,ProteinMPNN,89.62,0.68
cand01261,ProteinMPNN,89.62,0.68
cand00080,ProteinMPNN,89.61,0.71
cand01929,ProteinMPNN,89.61,0.71
cand02349,SolubleMPNN,89.6,0.66
cand00355,ProteinMPNN,89.6,0.74
cand00098,ProteinMPNN,89.6,0.71
cand02228,SolubleMPNN,89.59,0.69
cand01826,ProteinMPNN,89.57,0.66
cand01489,SolubleMPNN,89.57,0.69
cand01228,SolubleMPNN,89.55,0.7
cand01780,ProteinMPNN,89.55,0.7
cand02192,SolubleMPNN,89.55,0.63
cand01827,SolubleMPNN,89.54,0.71
cand01925,ProteinMPNN,89.54,0.64
cand01305,ProteinMPNN,89.52,0.72
cand02205,ProteinMPNN,89.52,0.6
cand01803,SolubleMPNN,89.51,0.71
cand00265,ProteinMPNN,89.51,0.7
cand01502,ProteinMPNN,89.5,0.69
cand01831,ProteinMPNN,89.49,0.67
cand01463,SolubleMPNN,89.49,0.68
cand00084,ProteinMPNN,89.47,0.67
cand02320,SolubleMPNN,89.46,0.67
cand01161,ProteinMPNN,89.42,0.67
cand02268,ProteinMPNN,89.39,0.62
cand01926,ProteinMPNN,89.39,0.66
cand02094,SolubleMPNN,89.39,0.65
cand01124,SolubleMPNN,89.39,0.72
cand00369,SolubleMPNN,89.38,0.64
cand00976,ProteinMPNN,89.36,0.66
cand00249,ProteinMPNN,89.36,0.73
cand00804,SolubleMPNN,89.35,0.64
cand00853,SolubleMPNN,89.33,0.77
cand00664,SolubleMPNN,89.33,0.71
cand02462,ProteinMPNN,89.33,0.64
cand01117,SolubleMPNN,89.3,0.76
cand02054,ProteinMPNN,89.29,0.68
cand00797,ProteinMPNN,89.28,0.73
cand00678,ProteinMPNN,89.27,0.72
cand01540,ProteinMPNN,89.26,0.64
cand00735,SolubleMPNN,89.25,0.75
cand01314,ProteinMPNN,89.23,0.61
cand00353,SolubleMPNN,89.22,0.71
cand02328,ProteinMPNN,89.21,0.61
cand02479,ProteinMPNN,89.21,0.68
cand01050,ProteinMPNN,89.21,0.71
cand01512,ProteinMPNN,89.21,0.71
cand01009,SolubleMPNN,89.2,0.72
cand00446,SolubleMPNN,89.2,0.78
cand00135,ProteinMPNN,89.19,0.71
cand02288,SolubleMPNN,89.19,0.69
cand00909,ProteinMPNN,89.19,0.68
cand00038,SolubleMPNN,89.14,0.75
cand00925,SolubleMPNN,89.13,0.71
cand00456,ProteinMPNN,89.11,0.71
cand01019,SolubleMPNN,89.1,0.72
cand01247,SolubleMPNN,89.09,0.72
cand02037,ProteinMPNN,89.08,0.66
cand00982,ProteinMPNN,89.08,0.71
cand00351,ProteinMPNN,89.07,0.73
cand01366,ProteinMPNN,89.06,0.63
cand02085,SolubleMPNN,89.06,0.67
cand00568,SolubleMPNN,89.04,0.73
cand00504,ProteinMPNN,89.04,0.71
cand00419,SolubleMPNN,89.01,0.71
cand02175,SolubleMPNN,89.01,0.7
cand01790,ProteinMPNN,89.0,0.72
cand00044,SolubleMPNN,88.99,0.7
cand00819,ProteinMPNN,88.99,0.7
cand00497,ProteinMPNN,88.96,0.73
cand00046,ProteinMPNN,88.93,0.68
cand01130,ProteinMPNN,88.93,0.7
cand01386,ProteinMPNN,88.91,0.68
cand00474,ProteinMPNN,88.91,0.72
cand00746,SolubleMPNN,88.89,0.75
cand02312,ProteinMPNN,88.89,0.61
cand01497,SolubleMPNN,88.89,0.65
cand00970,SolubleMPNN,88.88,0.75
cand00674,ProteinMPNN,88.87,0.74
cand02363,SolubleMPNN,88.87,0.66
cand02452,ProteinMPNN,88.86,0.63
cand00250,SolubleMPNN,88.86,0.7
cand01930,SolubleMPNN,88.84,0.71
cand01938,SolubleMPNN,88.84,0.72
cand01894,ProteinMPNN,88.84,0.7
cand01963,SolubleMPNN,88.79,0.72
cand01644,ProteinMPNN,88.76,0.71
cand01741,SolubleMPNN,88.75,0.69
cand01465,ProteinMPNN,88.74,0.66
cand01449,ProteinMPNN,88.74,0.66
cand01162,ProteinMPNN,88.74,0.58
cand01735,ProteinMPNN,88.74,0.63
cand02217,SolubleMPNN,88.73,0.63
cand00559,ProteinMPNN,88.73,0.72
cand01445,SolubleMPNN,88.68,0.66
cand01629,ProteinMPNN,88.68,0.66
cand00644,ProteinMPNN,88.67,0.7
cand02253,SolubleMPNN,88.67,0.66
cand00179,SolubleMPNN,88.66,0.76
cand02138,SolubleMPNN,88.65,0.65
cand01144,ProteinMPNN,88.64,0.63
cand01429,ProteinMPNN,88.61,0.61
cand01972,ProteinMPNN,88.6,0.68
cand01797,ProteinMPNN,88.6,0.66
cand00517,ProteinMPNN,88.59,0.73
cand02420,ProteinMPNN,88.58,0.66
cand00438,ProteinMPNN,88.58,0.55
cand01670,SolubleMPNN,88.58,0.66
cand01896,ProteinMPNN,88.57,0.68
cand01632,ProteinMPNN,88.56,0.65
cand01914,ProteinMPNN,88.56,0.68
cand00732,ProteinMPNN,88.53,0.7
cand01066,SolubleMPNN,88.53,0.78
cand02416,ProteinMPNN,88.51,0.63
cand02365,SolubleMPNN,88.51,0.61
cand00524,ProteinMPNN,88.51,0.71
cand00388,ProteinMPNN,88.49,0.72
cand01494,ProteinMPNN,88.47,0.66
cand02237,SolubleMPNN,88.46,0.68
cand00656,ProteinMPNN,88.45,0.65
cand02367,ProteinMPNN,88.42,0.63
cand01390,SolubleMPNN,88.41,0.69
cand02448,ProteinMPNN,88.38,0.64
cand01158,SolubleMPNN,88.38,0.73
cand02377,ProteinMPNN,88.36,0.58
cand01833,SolubleMPNN,88.34,0.72
cand00527,SolubleMPNN,88.32,0.73
cand01227,SolubleMPNN,88.32,0.76
cand01201,ProteinMPNN,88.31,0.64
cand01814,ProteinMPNN,88.29,0.69
cand01515,ProteinMPNN,88.29,0.65
cand02453,ProteinMPNN,88.28,0.63
cand00282,SolubleMPNN,88.28,0.74
cand02046,ProteinMPNN,88.25,0.65
cand00298,ProteinMPNN,88.23,0.67
cand00001,ProteinMPNN,88.21,0.71
cand00123,SolubleMPNN,88.21,0.75
cand01944,SolubleMPNN,88.2,0.55
cand01708,ProteinMPNN,88.19,0.65
cand02132,ProteinMPNN,88.18,0.64
cand00101,SolubleMPNN,88.16,0.72
cand00634,ProteinMPNN,88.16,0.68
cand01882,ProteinMPNN,88.14,0.64
cand01142,SolubleMPNN,88.14,0.68
cand01551,ProteinMPNN,88.11,0.67
cand00993,ProteinMPNN,88.1,0.69
cand01346,ProteinMPNN,88.08,0.64
cand01905,ProteinMPNN,88.05,0.66
cand01084,SolubleMPNN,88.04,0.75
cand00998,SolubleMPNN,88.02,0.77
cand02449,ProteinMPNN,88.02,0.63
cand00251,SolubleMPNN,88.01,0.69
cand01496,ProteinMPNN,87.99,0.67
cand02066,ProteinMPNN,87.96,0.69
cand02474,ProteinMPNN,87.93,0.69
cand00450,ProteinMPNN,87.93,0.7
cand02232,ProteinMPNN,87.92,0.69
cand00200,ProteinMPNN,87.9,0.72
cand00751,SolubleMPNN,87.89,0.73
cand00795,ProteinMPNN,87.89,0.71
cand00703,ProteinMPNN,87.89,0.68
cand01052,SolubleMPNN,87.86,0.7
cand01355,ProteinMPNN,87.85,0.63
cand00095,ProteinMPNN,87.82,0.68
cand01226,SolubleMPNN,87.81,0.64
cand01990,ProteinMPNN,87.79,0.64
cand00557,ProteinMPNN,87.79,0.74
cand00771,ProteinMPNN,87.78,0.73
cand01576,ProteinMPNN,87.77,0.64
cand02246,ProteinMPNN,87.77,0.68
cand01577,ProteinMPNN,87.73,0.56
cand01119,SolubleMPNN,87.71,0.74
cand01909,SolubleMPNN,87.71,0.7
cand01890,ProteinMPNN,87.69,0.66
cand00418,ProteinMPNN,87.68,0.54
cand01841,ProteinMPNN,87.66,0.68
cand00849,ProteinMPNN,87.64,0.67
cand00121,ProteinMPNN,87.63,0.66
cand00311,ProteinMPNN,87.61,0.68
cand02447,SolubleMPNN,87.59,0.66
cand01378,SolubleMPNN,87.58,0.67
cand02423,ProteinMPNN,87.58,0.61
cand01592,ProteinMPNN,87.57,0.59
cand00000,ProteinMPNN,87.55,0.7
cand00164,ProteinMPNN,87.54,0.7
cand01612,SolubleMPNN,87.53,0.62
cand02007,SolubleMPNN,87.52,0.67
cand00893,SolubleMPNN,87.52,0.66
cand00108,SolubleMPNN,87.5,0.7
cand01100,ProteinMPNN,87.49,0.66
cand01523,SolubleMPNN,87.44,0.69
cand01123,SolubleMPNN,87.44,0.71
cand01936,ProteinMPNN,87.43,0.63
cand00384,SolubleMPNN,87.42,0.75
cand00140,SolubleMPNN,87.4,0.7
cand01115,SolubleMPNN,87.38,0.78
cand02317,SolubleMPNN,87.38,0.63
cand00035,ProteinMPNN,87.36,0.64
cand01928,ProteinMPNN,87.36,0.63
cand01676,SolubleMPNN,87.34,0.66
cand00821,ProteinMPNN,87.34,0.68
cand00413,ProteinMPNN,87.33,0.7
cand00974,ProteinMPNN,87.31,0.52
cand01971,ProteinMPNN,87.3,0.66
cand00675,SolubleMPNN,87.27,0.75
cand01303,ProteinMPNN,87.27,0.63
cand00412,ProteinMPNN,87.26,0.54
cand01358,ProteinMPNN,87.23,0.61
cand00822,ProteinMPNN,87.21,0.69
cand01447,ProteinMPNN,87.18,0.64
cand01279,SolubleMPNN,87.18,0.67
cand02435,ProteinMPNN,87.17,0.62
cand01647,ProteinMPNN,87.15,0.64
cand00808,SolubleMPNN,87.14,0.72
cand00533,SolubleMPNN,87.13,0.71
cand02240,SolubleMPNN,87.12,0.66
cand00192,SolubleMPNN,87.11,0.6
cand01301,ProteinMPNN,87.1,0.63
cand02080,ProteinMPNN,87.03,0.63
cand01668,ProteinMPNN,86.96,0.69
cand01715,SolubleMPNN,86.95,0.67
cand00196,SolubleMPNN,86.94,0.7
cand01701,ProteinMPNN,86.94,0.63
cand01587,SolubleMPNN,86.92,0.66
cand01749,SolubleMPNN,86.92,0.69
cand01071,SolubleMPNN,86.9,0.59
cand00296,ProteinMPNN,86.84,0.7
cand02430,ProteinMPNN,86.81,0.61
cand00572,ProteinMPNN,86.79,0.65
cand01714,SolubleMPNN,86.79,0.62
cand02442,ProteinMPNN,86.78,0.61
cand01431,SolubleMPNN,86.76,0.68
cand00534,SolubleMPNN,86.73,0.68
cand00245,SolubleMPNN,86.73,0.68
cand01420,SolubleMPNN,86.72,0.68
cand00138,SolubleMPNN,86.52,0.6
cand00493,SolubleMPNN,86.51,0.69
cand02456,ProteinMPNN,86.46,0.58
cand02454,ProteinMPNN,86.43,0.58
cand00655,SolubleMPNN,86.42,0.66
cand00594,SolubleMPNN,86.4,0.7
cand02043,ProteinMPNN,86.4,0.68
cand00159,SolubleMPNN,86.39,0.76
cand01863,SolubleMPNN,86.39,0.65
cand01958,ProteinMPNN,86.26,0.62
cand01594,ProteinMPNN,86.25,0.65
cand00684,ProteinMPNN,86.24,0.68
cand00896,SolubleMPNN,86.23,0.6
cand00183,SolubleMPNN,86.19,0.68
cand01653,ProteinMPNN,86.19,0.66
cand00641,SolubleMPNN,86.12,0.7
cand00176,ProteinMPNN,86.11,0.69
cand01478,ProteinMPNN,86.1,0.64
cand01242,SolubleMPNN,86.06,0.68
cand00532,SolubleMPNN,86.05,0.71
cand00511,SolubleMPNN,86.05,0.65
cand02221,SolubleMPNN,86.03,0.63
cand02361,SolubleMPNN,86.0,0.65
cand01291,ProteinMPNN,85.99,0.66
cand01859,ProteinMPNN,85.95,0.63
cand01444,ProteinMPNN,85.92,0.61
cand01994,SolubleMPNN,85.91,0.57
cand00809,SolubleMPNN,85.91,0.72
cand00426,SolubleMPNN,85.88,0.67
cand00614,SolubleMPNN,85.85,0.66
cand00975,SolubleMPNN,85.84,0.65
cand01021,ProteinMPNN,85.84,0.58
cand00854,ProteinMPNN,85.8,0.68
cand01166,SolubleMPNN,85.8,0.6
cand02294,SolubleMPNN,85.74,0.59
cand01028,SolubleMPNN,85.72,0.72
cand01952,ProteinMPNN,85.66,0.54
cand01953,ProteinMPNN,85.63,0.64
cand00399,SolubleMPNN,85.62,0.68
cand01321,ProteinMPNN,85.61,0.6
cand00272,ProteinMPNN,85.56,0.68
cand02443,ProteinMPNN,85.53,0.58
cand01880,ProteinMPNN,85.53,0.61
cand02024,SolubleMPNN,85.5,0.59
cand02332,SolubleMPNN,85.48,0.59
cand01725,ProteinMPNN,85.47,0.62
cand00831,SolubleMPNN,85.43,0.66
cand00361,SolubleMPNN,85.43,0.7
cand02450,ProteinMPNN,85.41,0.62
cand01986,ProteinMPNN,85.38,0.63
cand01099,ProteinMPNN,85.37,0.68
cand00257,ProteinMPNN,85.31,0.53
cand00711,ProteinMPNN,85.3,0.67
cand02142,ProteinMPNN,85.28,0.6
cand00258,ProteinMPNN,85.26,0.61
cand00994,SolubleMPNN,85.25,0.67
cand01593,ProteinMPNN,85.25,0.6
cand00378,ProteinMPNN,85.23,0.67
cand02140,ProteinMPNN,85.18,0.65
cand00422,SolubleMPNN,85.14,0.68
cand00742,ProteinMPNN,85.13,0.63
cand00069,ProteinMPNN,85.13,0.64
cand00367,ProteinMPNN,85.13,0.64
cand01365,ProteinMPNN,85.09,0.66
cand01455,SolubleMPNN,85.08,0.71
cand01702,ProteinMPNN,85.08,0.55
cand00638,SolubleMPNN,85.05,0.73
cand00780,ProteinMPNN,85.04,0.7
cand00799,ProteinMPNN,85.04,0.67
cand01813,SolubleMPNN,85.03,0.64
cand01618,SolubleMPNN,85.02,0.64
cand00110,ProteinMPNN,85.0,0.67
cand02161,SolubleMPNN,85.0,0.6
cand01982,SolubleMPNN,84.95,0.64
cand01852,ProteinMPNN,84.89,0.65
cand01819,ProteinMPNN,84.88,0.63
cand01658,SolubleMPNN,84.88,0.63
cand01545,SolubleMPNN,84.83,0.62
cand02458,ProteinMPNN,84.82,0.54
cand00828,SolubleMPNN,84.8,0.67
cand00781,ProteinMPNN,84.79,0.66
cand00234,SolubleMPNN,84.78,0.68
cand00442,ProteinMPNN,84.78,0.68
cand01410,SolubleMPNN,84.74,0.6
cand00761,SolubleMPNN,84.73,0.67
cand00358,ProteinMPNN,84.64,0.64
cand01254,SolubleMPNN,84.63,0.57
cand02438,ProteinMPNN,84.62,0.6
cand02469,ProteinMPNN,84.6,0.62
cand00609,SolubleMPNN,84.59,0.69
cand00643,ProteinMPNN,84.51,0.62
cand00292,SolubleMPNN,84.5,0.65
cand00146,SolubleMPNN,84.48,0.67
cand02394,ProteinMPNN,84.43,0.63
cand01536,ProteinMPNN,84.41,0.54
cand01253,SolubleMPNN,84.39,0.63
cand00868,SolubleMPNN,84.38,0.6
cand00916,ProteinMPNN,84.38,0.64
cand00730,SolubleMPNN,84.37,0.67
cand00488,SolubleMPNN,84.36,0.65
cand00350,SolubleMPNN,84.32,0.69
cand02359,ProteinMPNN,84.3,0.63
cand00938,ProteinMPNN,84.29,0.61
cand02414,ProteinMPNN,84.28,0.57
cand01835,ProteinMPNN,84.24,0.63
cand01839,SolubleMPNN,84.21,0.67
cand01342,SolubleMPNN,84.2,0.51
cand02410,ProteinMPNN,84.12,0.58
cand01740,ProteinMPNN,84.12,0.61
cand00470,SolubleMPNN,84.0,0.65
cand01557,SolubleMPNN,83.99,0.63
cand00807,SolubleMPNN,83.99,0.7
cand00750,SolubleMPNN,83.95,0.63
cand01216,ProteinMPNN,83.9,0.61
cand01152,ProteinMPNN,83.86,0.57
cand00529,SolubleMPNN,83.85,0.6
cand01742,SolubleMPNN,83.85,0.65
cand02071,SolubleMPNN,83.83,0.68
cand02087,SolubleMPNN,83.81,0.55
cand02466,ProteinMPNN,83.75,0.58
cand00752,ProteinMPNN,83.74,0.59
cand01847,SolubleMPNN,83.74,0.61
cand00189,SolubleMPNN,83.7,0.64
cand00326,SolubleMPNN,83.68,0.6
cand02439,ProteinMPNN,83.65,0.58
cand00023,ProteinMPNN,83.62,0.63
cand01156,ProteinMPNN,83.59,0.63
cand02280,SolubleMPNN,83.55,0.57
cand01175,SolubleMPNN,83.55,0.65
cand01250,SolubleMPNN,83.54,0.66
cand01678,SolubleMPNN,83.49,0.62
cand00012,SolubleMPNN,83.42,0.63
cand00981,SolubleMPNN,83.4,0.55
cand01754,SolubleMPNN,83.4,0.51
cand01917,ProteinMPNN,83.38,0.57
cand01529,SolubleMPNN,83.36,0.56
cand01079,ProteinMPNN,83.34,0.63
cand00837,ProteinMPNN,83.33,0.63
cand02163,SolubleMPNN,83.32,0.53
cand00598,SolubleMPNN,83.28,0.66
cand01806,SolubleMPNN,83.25,0.61
cand00175,ProteinMPNN,83.23,0.62
cand01633,ProteinMPNN,83.22,0.65
cand02415,ProteinMPNN,83.21,0.54
cand01160,SolubleMPNN,83.18,0.61
cand01700,SolubleMPNN,83.17,0.66
cand02477,ProteinMPNN,83.16,0.6
cand00567,SolubleMPNN,83.15,0.57
cand01596,SolubleMPNN,83.13,0.64
cand00537,ProteinMPNN,83.06,0.67
cand00505,SolubleMPNN,83.0,0.61
cand01572,SolubleMPNN,82.99,0.71
cand02044,ProteinMPNN,82.95,0.58
cand01973,ProteinMPNN,82.91,0.58
cand01232,SolubleMPNN,82.9,0.6
cand00847,SolubleMPNN,82.85,0.7
cand01561,SolubleMPNN,82.84,0.6
cand01524,SolubleMPNN,82.84,0.56
cand00759,SolubleMPNN,82.82,0.6
cand00015,SolubleMPNN,82.82,0.56
cand00607,SolubleMPNN,82.79,0.6
cand00910,SolubleMPNN,82.79,0.57
cand02187,ProteinMPNN,82.77,0.58
cand00473,SolubleMPNN,82.76,0.64
cand01184,SolubleMPNN,82.65,0.56
cand02009,SolubleMPNN,82.64,0.57
cand00276,ProteinMPNN,82.64,0.63
cand00710,ProteinMPNN,82.64,0.6
cand01904,SolubleMPNN,82.63,0.62
cand02034,SolubleMPNN,82.61,0.55
cand02385,ProteinMPNN,82.58,0.6
cand01377,ProteinMPNN,82.57,0.58
cand00444,SolubleMPNN,82.57,0.65
cand01197,ProteinMPNN,82.48,0.7
cand02411,ProteinMPNN,82.44,0.59
cand00760,ProteinMPNN,82.42,0.57
cand00377,SolubleMPNN,82.4,0.61
cand02185,SolubleMPNN,82.39,0.52
cand01214,SolubleMPNN,82.33,0.56
cand00632,SolubleMPNN,82.33,0.61
cand00622,SolubleMPNN,82.3,0.59
cand00739,ProteinMPNN,82.29,0.65
cand01491,ProteinMPNN,82.27,0.56
cand02372,ProteinMPNN,82.25,0.6
cand01504,SolubleMPNN,82.24,0.56
cand01694,SolubleMPNN,82.22,0.63
cand01674,ProteinMPNN,82.21,0.57
cand00082,ProteinMPNN,82.19,0.61
cand01280,SolubleMPNN,82.18,0.62
cand00885,ProteinMPNN,82.18,0.59
cand00128,SolubleMPNN,82.12,0.63
cand00932,SolubleMPNN,82.12,0.61
cand00410,SolubleMPNN,82.11,0.67
cand02002,SolubleMPNN,82.09,0.64
cand01017,ProteinMPNN,82.08,0.62
cand02227,ProteinMPNN,82.07,0.55
cand01452,ProteinMPNN,82.06,0.6
cand00116,ProteinMPNN,82.06,0.57
cand01750,SolubleMPNN,82.06,0.6
cand01656,SolubleMPNN,82.04,0.6
cand00571,SolubleMPNN,82.03,0.59
cand02298,SolubleMPNN,82.02,0.51
cand02262,ProteinMPNN,82.01,0.56
cand01902,SolubleMPNN,81.96,0.62
cand01805,SolubleMPNN,81.95,0.59
cand00067,SolubleMPNN,81.95,0.67
cand01665,ProteinMPNN,81.93,0.51
cand01941,ProteinMPNN,81.93,0.64
cand01267,SolubleMPNN,81.92,0.51
cand01193,SolubleMPNN,81.88,0.62
cand01525,SolubleMPNN,81.87,0.71
cand00221,SolubleMPNN,81.87,0.6
cand01298,ProteinMPNN,81.78,0.55
cand02293,ProteinMPNN,81.73,0.51
cand00439,SolubleMPNN,81.67,0.63
cand01949,ProteinMPNN,81.66,0.57
cand00603,SolubleMPNN,81.62,0.61
cand01881,SolubleMPNN,81.58,0.59
cand02475,ProteinMPNN,81.55,0.54
cand00039,SolubleMPNN,81.53,0.6
cand00583,SolubleMPNN,81.5,0.67
cand00414,SolubleMPNN,81.5,0.64
cand02437,SolubleMPNN,81.48,0.51
cand01419,ProteinMPNN,81.35,0.51
cand02104,SolubleMPNN,81.32,0.59
cand00585,ProteinMPNN,81.3,0.61
cand01062,SolubleMPNN,81.28,0.57
cand01348,SolubleMPNN,81.24,0.65
cand00630,SolubleMPNN,81.22,0.64
cand00454,SolubleMPNN,81.13,0.63
cand00874,SolubleMPNN,81.1,0.66
cand01270,SolubleMPNN,81.09,0.61
cand00731,SolubleMPNN,81.05,0.62
cand02072,SolubleMPNN,81.0,0.53
cand00333,SolubleMPNN,80.97,0.6
cand00036,ProteinMPNN,80.95,0.55
cand01493,ProteinMPNN,80.93,0.52
cand00550,ProteinMPNN,80.92,0.63
cand01565,SolubleMPNN,80.91,0.61
cand00682,ProteinMPNN,80.89,0.65
cand01406,SolubleMPNN,80.87,0.64
cand00737,SolubleMPNN,80.82,0.68
cand00653,SolubleMPNN,80.82,0.65
cand00158,ProteinMPNN,80.82,0.51
cand00952,ProteinMPNN,80.81,0.59
cand01997,SolubleMPNN,80.8,0.61
cand01869,SolubleMPNN,80.8,0.6
cand01822,SolubleMPNN,80.71,0.6
cand01433,SolubleMPNN,80.67,0.68
cand01825,ProteinMPNN,80.65,0.62
cand00906,SolubleMPNN,80.63,0.56
cand00542,ProteinMPNN,80.6,0.54
cand00792,ProteinMPNN,80.55,0.66
cand01513,SolubleMPNN,80.54,0.55
cand00485,ProteinMPNN,80.5,0.62
cand00967,ProteinMPNN,80.48,0.6
cand01588,SolubleMPNN,80.47,0.58
cand01728,ProteinMPNN,80.4,0.55
cand00919,ProteinMPNN,80.4,0.57
cand02300,SolubleMPNN,80.37,0.51
cand01125,ProteinMPNN,80.36,0.54
cand00767,SolubleMPNN,80.34,0.66
cand01167,SolubleMPNN,80.33,0.66
cand00586,SolubleMPNN,80.26,0.6
cand01817,ProteinMPNN,80.2,0.51
cand01480,SolubleMPNN,80.13,0.61
cand02041,ProteinMPNN,80.12,0.55
cand01238,SolubleMPNN,80.09,0.6
cand01932,ProteinMPNN,80.08,0.56
cand00992,ProteinMPNN,79.96,0.61
cand02013,SolubleMPNN,79.95,0.58
cand00953,SolubleMPNN,79.9,0.56
cand00966,SolubleMPNN,79.88,0.69
cand00845,ProteinMPNN,79.83,0.59
cand02473,ProteinMPNN,79.83,0.57
cand00564,ProteinMPNN,79.8,0.65
cand00999,ProteinMPNN,79.74,0.61
cand00048,SolubleMPNN,79.62,0.56
cand00437,ProteinMPNN,79.55,0.59
cand01462,SolubleMPNN,79.51,0.53
cand00800,ProteinMPNN,79.48,0.57
cand01535,SolubleMPNN,79.46,0.63
cand00715,ProteinMPNN,79.45,0.64
cand00950,SolubleMPNN,79.41,0.66
cand00872,SolubleMPNN,79.34,0.62
cand01981,SolubleMPNN,79.34,0.61
cand00758,SolubleMPNN,79.27,0.64
cand01320,SolubleMPNN,79.26,0.59
cand00587,ProteinMPNN,79.24,0.62
cand00374,SolubleMPNN,79.2,0.56
cand00898,ProteinMPNN,79.15,0.53
cand01601,SolubleMPNN,79.1,0.6
cand01808,SolubleMPNN,78.93,0.59
cand02440,ProteinMPNN,78.89,0.54
cand01773,SolubleMPNN,78.86,0.6
cand00484,ProteinMPNN,78.84,0.57
cand00960,SolubleMPNN,78.83,0.55
cand01861,SolubleMPNN,78.73,0.58
cand01409,ProteinMPNN,78.69,0.56
cand00433,ProteinMPNN,78.67,0.62
cand00889,ProteinMPNN,78.55,0.61
cand00668,SolubleMPNN,78.45,0.64
cand00205,ProteinMPNN,78.37,0.55
cand00375,ProteinMPNN,78.22,0.57
cand01434,SolubleMPNN,78.15,0.6
cand01801,ProteinMPNN,78.1,0.53
cand00955,SolubleMPNN,78.06,0.67
cand02030,SolubleMPNN,77.95,0.56
cand01081,SolubleMPNN,77.91,0.52
cand00631,SolubleMPNN,77.87,0.54
cand00645,ProteinMPNN,77.86,0.56
cand01783,ProteinMPNN,77.79,0.58
cand00602,SolubleMPNN,77.71,0.54
cand02003,ProteinMPNN,77.66,0.56
cand00612,SolubleMPNN,77.66,0.56
cand02145,ProteinMPNN,77.63,0.6
cand00469,ProteinMPNN,77.62,0.56
cand00563,SolubleMPNN,77.55,0.58
cand01876,SolubleMPNN,77.5,0.58
cand01074,SolubleMPNN,77.49,0.54
cand01509,SolubleMPNN,77.45,0.55
cand00989,ProteinMPNN,77.4,0.56
cand02120,SolubleMPNN,77.38,0.55
cand01235,SolubleMPNN,77.38,0.57
cand02096,ProteinMPNN,77.3,0.68
cand01087,SolubleMPNN,77.27,0.53
cand00308,SolubleMPNN,77.27,0.62
cand00187,SolubleMPNN,77.26,0.59
cand00185,ProteinMPNN,77.25,0.55
cand00191,SolubleMPNN,77.2,0.57
cand01951,ProteinMPNN,77.14,0.61
cand01671,SolubleMPNN,77.12,0.56
cand00888,ProteinMPNN,77.01,0.61
cand00472,SolubleMPNN,76.89,0.58
cand00007,SolubleMPNN,76.75,0.52
cand01208,SolubleMPNN,76.69,0.57
cand01180,SolubleMPNN,76.5,0.64
cand00690,SolubleMPNN,76.48,0.61
cand00657,SolubleMPNN,76.37,0.63
cand02090,ProteinMPNN,76.32,0.65
cand02134,ProteinMPNN,76.31,0.53
cand01163,SolubleMPNN,76.3,0.58
cand00240,SolubleMPNN,76.25,0.54
cand00582,ProteinMPNN,76.21,0.54
cand01098,SolubleMPNN,76.11,0.56
cand00693,ProteinMPNN,76.11,0.55
cand02022,ProteinMPNN,76.03,0.56
cand00649,ProteinMPNN,75.99,0.53
cand00841,SolubleMPNN,75.98,0.57
cand01849,ProteinMPNN,75.98,0.53
cand00565,ProteinMPNN,75.86,0.66
cand00281,SolubleMPNN,75.73,0.59
cand00613,SolubleMPNN,75.59,0.56
cand00604,SolubleMPNN,75.59,0.52
cand01887,ProteinMPNN,75.55,0.57
cand01264,SolubleMPNN,75.55,0.56
cand00078,SolubleMPNN,75.52,0.6
cand00813,SolubleMPNN,75.4,0.59
cand00825,SolubleMPNN,75.39,0.52
cand00490,SolubleMPNN,75.3,0.52
cand02000,ProteinMPNN,75.25,0.6
cand02001,ProteinMPNN,75.2,0.56
cand00733,ProteinMPNN,75.2,0.54
cand00726,SolubleMPNN,75.2,0.51
cand00237,SolubleMPNN,75.19,0.63
cand00453,ProteinMPNN,75.15,0.51
cand00385,SolubleMPNN,74.9,0.51
cand01597,ProteinMPNN,74.86,0.56
cand00204,ProteinMPNN,74.86,0.53
cand00783,SolubleMPNN,74.69,0.59
cand01095,ProteinMPNN,74.63,0.55
cand00884,SolubleMPNN,74.52,0.51
cand00756,ProteinMPNN,74.48,0.52
cand00062,ProteinMPNN,74.33,0.53
cand01989,ProteinMPNN,74.26,0.52
cand00786,ProteinMPNN,74.22,0.53
cand00089,ProteinMPNN,74.2,0.54
cand00671,ProteinMPNN,74.18,0.54
cand01116,ProteinMPNN,74.13,0.52
cand02119,ProteinMPNN,74.12,0.62
cand00114,ProteinMPNN,73.87,0.53
cand01610,ProteinMPNN,73.78,0.53
cand01045,SolubleMPNN,73.65,0.58
cand01940,ProteinMPNN,73.64,0.52
cand00611,ProteinMPNN,73.63,0.59
cand00627,ProteinMPNN,73.59,0.54
cand00980,SolubleMPNN,73.47,0.58
cand00538,ProteinMPNN,73.31,0.59
cand00112,ProteinMPNN,73.29,0.51
cand02135,ProteinMPNN,73.16,0.53
cand00480,SolubleMPNN,73.04,0.53
cand00876,SolubleMPNN,73.03,0.53
cand00208,SolubleMPNN,73.02,0.52
cand01041,SolubleMPNN,73.0,0.53
cand00201,ProteinMPNN,72.91,0.51
cand00616,SolubleMPNN,72.8,0.51
cand01875,ProteinMPNN,72.79,0.51
cand01134,ProteinMPNN,72.67,0.52
cand01541,ProteinMPNN,72.6,0.52
cand00601,SolubleMPNN,72.41,0.56
cand00745,SolubleMPNN,72.27,0.53
cand00420,ProteinMPNN,72.22,0.58
cand01459,SolubleMPNN,72.21,0.52
cand00552,SolubleMPNN,72.19,0.53
cand00476,SolubleMPNN,72.14,0.51
cand00171,ProteinMPNN,71.54,0.51
cand00475,SolubleMPNN,71.52,0.53
cand01873,ProteinMPNN,71.44,0.51
cand01323,ProteinMPNN,71.29,0.51
cand00459,SolubleMPNN,71.23,0.54
cand02193,ProteinMPNN,71.14,0.52
cand00256,SolubleMPNN,70.62,0.53
cand00507,SolubleMPNN,70.2,0.53
cand01059,ProteinMPNN,70.16,0.51
