seqid,mean_plddt,ptm,length
cand00302,98.03,0.81,76
cand02017,97.93,0.79,75
cand00331,97.92,0.81,76
cand00721,97.9,0.8,68
cand00165,97.9,0.8,76
cand00319,97.87,0.81,76
cand00232,97.85,0.81,76
cand00274,97.85,0.81,76
cand00061,97.84,0.81,76
cand01526,97.84,0.79,66
cand00117,97.83,0.8,76
cand01428,97.83,0.78,66
cand01369,97.82,0.8,76
cand01726,97.82,0.78,66
cand01985,97.81,0.8,75
cand01566,97.79,0.78,66
cand00318,97.79,0.81,76
cand00173,97.78,0.8,76
cand02325,97.77,0.8,68
cand00918,97.77,0.8,68
cand01560,97.76,0.8,75
cand02172,97.76,0.79,66
cand01979,97.75,0.78,66
cand00131,97.75,0.81,76
cand00184,97.74,0.81,76
cand01892,97.74,0.78,75
cand01893,97.73,0.78,66
cand01128,97.73,0.8,68
cand00336,97.71,0.79,68
cand01961,97.7,0.79,66
cand01769,97.7,0.79,75
cand01090,97.67,0.8,68
cand00063,97.67,0.81,76
cand01415,97.67,0.79,76
cand02115,97.65,0.79,75
cand00115,97.64,0.84,83
cand00990,97.63,0.79,68
cand02049,97.63,0.78,66
cand00284,97.63,0.8,76
cand01589,97.62,0.79,74
cand01586,97.61,0.79,74
cand01663,97.61,0.8,76
cand01913,97.61,0.78,66
cand02291,97.6,0.79,75
cand01969,97.59,0.78,75
cand01102,97.59,0.78,68
cand00722,97.56,0.79,68
cand00186,97.56,0.84,83
cand01357,97.56,0.79,74
cand01992,97.55,0.79,75
cand01812,97.54,0.78,66
cand01146,97.54,0.79,68
cand01996,97.53,0.79,75
cand01286,97.53,0.79,76
cand00045,97.53,0.84,83
cand01946,97.53,0.78,66
cand01608,97.53,0.78,66
cand00558,97.52,0.79,68
cand01407,97.52,0.79,74
cand01746,97.52,0.78,75
cand01753,97.52,0.79,75
cand02213,97.51,0.78,68
cand01001,97.51,0.79,68
cand01683,97.51,0.77,66
cand00139,97.5,0.8,76
cand01908,97.5,0.79,75
cand01382,97.49,0.79,74
cand01101,97.49,0.79,68
cand02147,97.49,0.79,85
cand02381,97.49,0.79,68
cand02230,97.48,0.8,74
cand01542,97.47,0.79,74
cand02389,97.45,0.79,75
cand00321,97.44,0.8,76
cand01659,97.44,0.78,66
cand02027,97.43,0.79,75
cand01998,97.41,0.79,75
cand00027,97.41,0.84,74
cand01408,97.41,0.79,75
cand01481,97.41,0.78,66
cand01093,97.4,0.79,68
cand01636,97.4,0.79,74
cand01800,97.39,0.78,66
cand02238,97.39,0.79,66
cand00225,97.39,0.81,76
cand02055,97.39,0.78,75
cand01332,97.39,0.78,74
cand01073,97.39,0.79,68
cand01139,97.39,0.78,68
cand00086,97.38,0.83,74
cand01033,97.38,0.8,68
cand00220,97.38,0.83,74
cand01886,97.38,0.77,66
cand01394,97.37,0.79,74
cand01935,97.37,0.79,75
cand01703,97.37,0.78,66
cand01642,97.36,0.79,76
cand00512,97.36,0.79,68
cand01138,97.36,0.79,74
cand00072,97.35,0.83,74
cand01522,97.35,0.79,76
cand01865,97.35,0.78,75
cand02114,97.35,0.78,85
cand00005,97.34,0.84,81
cand00147,97.34,0.84,83
cand02059,97.34,0.79,75
cand01630,97.34,0.66,76
cand00376,97.34,0.79,68
cand00057,97.33,0.84,83
cand02048,97.33,0.77,66
cand02029,97.32,0.78,75
cand01196,97.32,0.79,74
cand01505,97.31,0.78,72
cand01995,97.3,0.77,66
cand01991,97.3,0.77,66
cand00757,97.29,0.83,84
cand00860,97.28,0.8,74
cand00342,97.28,0.84,84
cand01170,97.28,0.78,66
cand01732,97.28,0.78,66
cand00268,97.28,0.8,76
cand00297,97.28,0.83,84
cand00013,97.27,0.84,81
cand01082,97.26,0.79,68
cand01760,97.26,0.78,75
cand02036,97.25,0.78,67
cand00222,97.25,0.83,74
cand00070,97.24,0.83,74
cand01469,97.23,0.78,72
cand02028,97.21,0.78,76
cand00956,97.21,0.79,68
cand02127,97.19,0.78,75
cand02182,97.19,0.66,70
cand01096,97.18,0.77,79
cand01774,97.17,0.77,66
cand02121,97.16,0.78,75
cand00440,97.16,0.81,73
cand01153,97.15,0.78,68
cand01395,97.14,0.79,74
cand01927,97.14,0.76,66
cand01607,97.14,0.79,81
cand00681,97.13,0.79,74
cand01556,97.12,0.78,74
cand00779,97.11,0.79,68
cand00724,97.1,0.78,68
cand01057,97.1,0.77,68
cand01070,97.1,0.77,79
cand02101,97.1,0.78,75
cand02016,97.09,0.77,66
cand01295,97.08,0.78,74
cand00107,97.08,0.83,83
cand02302,97.08,0.78,67
cand00170,97.07,0.83,74
cand01734,97.07,0.77,76
cand00182,97.05,0.79,76
cand00654,97.05,0.79,68
cand02203,97.05,0.78,74
cand01549,97.05,0.79,76
cand00003,97.04,0.84,81
cand01064,97.04,0.81,67
cand01564,97.03,0.79,74
cand00287,97.03,0.79,76
cand02190,97.03,0.78,68
cand02218,97.02,0.78,67
cand01198,97.02,0.76,79
cand02210,97.01,0.77,66
cand00052,97.01,0.84,83
cand01011,97.01,0.81,73
cand02305,97.0,0.78,74
cand00481,97.0,0.78,68
cand01758,97.0,0.78,74
cand00019,96.99,0.85,81
cand00235,96.99,0.74,74
cand01105,96.98,0.78,74
cand00134,96.97,0.79,76
cand02058,96.97,0.79,75
cand01450,96.96,0.77,66
cand02223,96.96,0.78,74
cand00124,96.96,0.79,76
cand02169,96.96,0.78,67
cand00875,96.95,0.78,68
cand00320,96.95,0.82,82
cand02368,96.95,0.79,75
cand02110,96.94,0.77,75
cand01791,96.93,0.78,75
cand01353,96.93,0.77,79
cand00386,96.93,0.8,73
cand00327,96.92,0.79,76
cand00224,96.92,0.83,83
cand01614,96.92,0.78,81
cand01248,96.92,0.82,65
cand02159,96.91,0.78,67
cand00713,96.91,0.78,76
cand00502,96.9,0.81,73
cand01693,96.9,0.78,76
cand01688,96.89,0.76,66
cand01177,96.89,0.77,79
cand00228,96.89,0.79,76
cand00882,96.89,0.8,76
cand01776,96.88,0.78,76
cand02045,96.88,0.72,72
cand02112,96.88,0.79,76
cand01440,96.87,0.78,76
cand00328,96.87,0.79,76
cand01199,96.87,0.78,68
cand00210,96.87,0.79,76
cand01616,96.87,0.79,81
cand00818,96.87,0.79,68
cand01503,96.87,0.78,85
cand00085,96.86,0.79,76
cand01965,96.85,0.78,75
cand01414,96.84,0.78,76
cand01349,96.84,0.79,81
cand01900,96.83,0.77,75
cand00887,96.83,0.79,74
cand01646,96.82,0.79,81
cand00198,96.81,0.79,76
cand00429,96.81,0.79,68
cand02113,96.81,0.79,85
cand01682,96.8,0.78,81
cand02299,96.78,0.79,80
cand01111,96.77,0.78,68
cand02057,96.77,0.7,72
cand00696,96.77,0.82,73
cand00396,96.77,0.8,73
cand00008,96.76,0.83,81
cand00074,96.76,0.83,83
cand01405,96.76,0.59,67
cand02102,96.76,0.77,72
cand02219,96.75,0.77,65
cand02387,96.75,0.78,75
cand01333,96.75,0.8,79
cand00050,96.73,0.84,83
cand00954,96.73,0.78,76
cand01689,96.73,0.78,74
cand00174,96.72,0.78,76
cand00180,96.71,0.83,83
cand00106,96.71,0.84,83
cand01418,96.7,0.78,74
cand01786,96.7,0.79,76
cand00264,96.7,0.83,74
cand00997,96.69,0.8,73
cand00162,96.68,0.82,74
cand00043,96.68,0.83,83
cand01764,96.68,0.79,75
cand01709,96.68,0.78,74
cand02097,96.68,0.77,72
cand00518,96.67,0.81,73
cand01060,96.67,0.76,68
cand02222,96.66,0.78,67
cand00083,96.66,0.82,74
cand01296,96.65,0.78,76
cand01916,96.65,0.7,72
cand02244,96.64,0.77,66
cand01729,96.63,0.79,76
cand00451,96.63,0.83,84
cand00495,96.62,0.77,68
cand01265,96.62,0.75,79
cand02408,96.61,0.77,75
cand00401,96.61,0.78,76
cand00040,96.61,0.83,74
cand01648,96.61,0.78,75
cand01680,96.61,0.81,65
cand00073,96.59,0.8,66
cand01934,96.59,0.76,75
cand00810,96.59,0.78,68
cand02197,96.59,0.78,85
cand00362,96.59,0.83,83
cand02215,96.56,0.77,74
cand00924,96.55,0.77,76
cand01005,96.55,0.81,73
cand00303,96.55,0.81,73
cand02179,96.55,0.78,67
cand01983,96.54,0.77,75
cand00020,96.54,0.84,81
cand01442,96.54,0.77,76
cand01403,96.54,0.76,72
cand02432,96.53,0.6,80
cand00908,96.53,0.77,68
cand02128,96.52,0.77,66
cand00844,96.51,0.78,68
cand00546,96.51,0.81,73
cand01962,96.5,0.78,67
cand00339,96.5,0.82,82
cand01675,96.5,0.78,76
cand00718,96.5,0.77,76
cand00090,96.49,0.78,76
cand02254,96.48,0.77,68
cand02243,96.48,0.78,67
cand01528,96.48,0.76,74
cand00496,96.47,0.81,84
cand01724,96.47,0.77,76
cand00253,96.46,0.8,73
cand00727,96.45,0.77,68
cand00144,96.45,0.79,76
cand01718,96.44,0.76,74
cand00255,96.44,0.81,73
cand00747,96.43,0.83,80
cand01637,96.43,0.78,76
cand00662,96.42,0.81,73
cand01736,96.41,0.8,65
cand01140,96.41,0.77,68
cand00395,96.41,0.82,84
cand00927,96.4,0.78,74
cand00665,96.39,0.78,68
cand01220,96.39,0.78,79
cand01206,96.39,0.78,76
cand00636,96.39,0.81,73
cand01891,96.39,0.78,76
cand00093,96.38,0.83,83
cand02310,96.38,0.76,65
cand02063,96.38,0.77,75
cand01069,96.38,0.77,81
cand00301,96.38,0.83,81
cand00852,96.37,0.78,76
cand01974,96.37,0.8,65
cand02201,96.36,0.77,67
cand02117,96.33,0.76,75
cand00590,96.32,0.81,73
cand01085,96.32,0.82,85
cand00153,96.32,0.78,76
cand01850,96.32,0.79,81
cand00701,96.32,0.79,73
cand01310,96.31,0.77,75
cand00143,96.31,0.77,76
cand00423,96.3,0.8,73
cand01605,96.3,0.76,79
cand01008,96.29,0.78,74
cand00096,96.28,0.83,83
cand00286,96.28,0.77,76
cand00345,96.27,0.8,73
cand00226,96.27,0.78,76
cand01885,96.27,0.77,76
cand01063,96.26,0.77,68
cand01606,96.25,0.77,74
cand00702,96.25,0.8,73
cand01044,96.24,0.77,74
cand01485,96.24,0.77,76
cand01287,96.23,0.78,76
cand01883,96.22,0.77,76
cand00666,96.2,0.79,73
cand02393,96.2,0.78,75
cand00637,96.2,0.77,76
cand00452,96.19,0.77,76
cand00263,96.19,0.77,76
cand00389,96.19,0.76,76
cand01345,96.18,0.74,79
cand00313,96.18,0.77,76
cand02178,96.18,0.76,67
cand01285,96.17,0.79,81
cand00102,96.15,0.82,83
cand02105,96.15,0.78,75
cand00509,96.14,0.81,82
cand02329,96.13,0.76,65
cand00103,96.13,0.77,76
cand00549,96.13,0.76,76
cand00243,96.13,0.79,73
cand02195,96.13,0.75,66
cand00081,96.12,0.73,74
cand01400,96.11,0.8,65
cand00279,96.11,0.72,74
cand00883,96.1,0.8,73
cand01978,96.09,0.78,75
cand01568,96.09,0.77,84
cand00985,96.08,0.77,76
cand01421,96.07,0.75,79
cand02122,96.06,0.76,72
cand00777,96.05,0.81,72
cand01188,96.05,0.73,79
cand00714,96.05,0.76,76
cand00873,96.04,0.75,76
cand00658,96.04,0.82,82
cand00254,96.04,0.8,74
cand01559,96.03,0.8,65
cand02091,96.03,0.76,75
cand00304,96.02,0.8,65
cand00104,96.01,0.76,76
cand02303,96.01,0.77,75
cand00851,96.0,0.79,73
cand01550,96.0,0.81,79
cand01150,96.0,0.75,68
cand02031,95.99,0.79,65
cand00850,95.99,0.76,76
cand00346,95.99,0.8,82
cand00991,95.99,0.79,73
cand00937,95.99,0.76,74
cand02333,95.98,0.75,65
cand01255,95.98,0.77,76
cand00774,95.97,0.78,84
cand01690,95.97,0.74,74
cand01176,95.97,0.77,74
cand01738,95.97,0.77,76
cand02165,95.97,0.75,74
cand00118,95.96,0.83,83
cand02196,95.96,0.76,68
cand00754,95.95,0.76,76
cand00642,95.95,0.8,73
cand01495,95.95,0.78,81
cand01492,95.95,0.8,65
cand01999,95.94,0.78,75
cand02229,95.94,0.77,68
cand01438,95.94,0.75,74
cand01122,95.94,0.76,68
cand01379,95.93,0.78,74
cand00195,95.93,0.82,74
cand02285,95.93,0.76,68
cand00763,95.93,0.76,76
cand00922,95.92,0.77,76
cand00901,95.92,0.8,72
cand01091,95.91,0.77,74
cand01490,95.91,0.76,76
cand00343,95.9,0.81,82
cand00865,95.89,0.78,76
cand01543,95.88,0.75,72
cand01755,95.88,0.77,74
cand00689,95.88,0.78,84
cand02266,95.87,0.75,65
cand00934,95.87,0.76,76
cand01739,95.87,0.77,76
cand01918,95.87,0.78,76
cand02273,95.86,0.76,68
cand00944,95.86,0.72,67
cand00492,95.86,0.79,73
cand01766,95.86,0.76,72
cand02171,95.84,0.76,74
cand02429,95.83,0.75,66
cand02257,95.83,0.75,68
cand02339,95.82,0.75,65
cand02252,95.82,0.76,66
cand01907,95.82,0.77,85
cand00894,95.82,0.76,76
cand00122,95.81,0.81,74
cand02126,95.8,0.76,85
cand00515,95.8,0.79,73
cand00059,95.79,0.77,76
cand01943,95.79,0.76,76
cand01521,95.79,0.78,81
cand01807,95.78,0.77,76
cand00838,95.77,0.79,73
cand01635,95.76,0.8,65
cand01871,95.75,0.78,72
cand00917,95.75,0.76,74
cand01276,95.75,0.76,76
cand02226,95.74,0.76,67
cand00137,95.74,0.76,76
cand00931,95.74,0.76,76
cand00231,95.74,0.82,84
cand00310,95.74,0.82,74
cand01126,95.74,0.85,85
cand00859,95.73,0.75,76
cand00782,95.73,0.75,79
cand01767,95.72,0.76,67
cand01631,95.72,0.74,79
cand00247,95.72,0.8,74
cand01190,95.71,0.76,74
cand01866,95.69,0.78,81
cand01372,95.68,0.76,74
cand00961,95.68,0.75,72
cand02357,95.67,0.76,68
cand02354,95.67,0.76,68
cand00194,95.67,0.83,83
cand00660,95.67,0.79,73
cand00066,95.67,0.8,83
cand02351,95.66,0.76,75
cand01362,95.66,0.78,81
cand00181,95.66,0.8,74
cand00764,95.66,0.76,74
cand00717,95.66,0.77,73
cand02089,95.66,0.76,75
cand00127,95.65,0.83,81
cand00929,95.65,0.78,67
cand01020,95.64,0.76,74
cand00686,95.64,0.73,76
cand00154,95.62,0.76,76
cand02383,95.62,0.77,75
cand00503,95.62,0.82,80
cand01627,95.62,0.77,81
cand00266,95.61,0.75,76
cand00312,95.61,0.76,76
cand01727,95.6,0.76,74
cand00576,95.59,0.8,73
cand00661,95.58,0.81,82
cand02083,95.57,0.76,76
cand02314,95.56,0.58,74
cand02308,95.56,0.74,65
cand00923,95.56,0.79,73
cand01611,95.56,0.74,74
cand02158,95.55,0.75,66
cand02212,95.55,0.76,68
cand00986,95.55,0.77,76
cand02290,95.55,0.76,68
cand00391,95.53,0.8,82
cand02274,95.52,0.75,66
cand00768,95.52,0.76,76
cand01022,95.52,0.75,68
cand00648,95.51,0.76,76
cand00415,95.51,0.8,74
cand02183,95.51,0.76,85
cand00465,95.5,0.79,82
cand01435,95.48,0.76,76
cand01844,95.48,0.77,85
cand02404,95.46,0.78,68
cand00042,95.46,0.79,82
cand00785,95.46,0.79,73
cand01705,95.46,0.75,72
cand01049,95.46,0.55,67
cand01416,95.45,0.77,76
cand02106,95.44,0.75,85
cand02330,95.43,0.76,68
cand02388,95.43,0.74,68
cand00667,95.41,0.8,72
cand01401,95.41,0.55,67
cand00449,95.41,0.74,76
cand01856,95.4,0.77,81
cand00881,95.4,0.78,67
cand00300,95.39,0.81,83
cand00728,95.38,0.75,84
cand01960,95.36,0.78,65
cand00060,95.35,0.82,74
cand01759,95.35,0.78,81
cand01884,95.35,0.76,76
cand02103,95.35,0.76,76
cand02056,95.34,0.75,72
cand00031,95.33,0.78,66
cand01443,95.33,0.77,75
cand02150,95.33,0.76,85
cand00941,95.31,0.78,73
cand01692,95.31,0.76,81
cand00694,95.31,0.75,76
cand02424,95.3,0.78,80
cand02235,95.29,0.74,67
cand02038,95.28,0.76,74
cand01686,95.28,0.78,81
cand01620,95.27,0.78,81
cand00004,95.26,0.82,81
cand00141,95.26,0.8,65
cand01437,95.26,0.76,74
cand02428,95.25,0.77,75
cand01964,95.24,0.77,85
cand00329,95.24,0.8,83
cand00337,95.24,0.76,84
cand02008,95.23,0.75,72
cand00014,95.23,0.78,82
cand01076,95.23,0.74,74
cand02086,95.23,0.75,72
cand02116,95.23,0.74,76
cand01921,95.22,0.75,76
cand00878,95.21,0.76,72
cand01471,95.2,0.76,81
cand00125,95.2,0.82,78
cand01575,95.2,0.72,79
cand02081,95.2,0.78,65
cand00743,95.19,0.56,84
cand01360,95.19,0.79,65
cand02287,95.19,0.75,66
cand01136,95.19,0.77,74
cand01370,95.18,0.73,79
cand00166,95.17,0.75,76
cand02283,95.17,0.77,68
cand01579,95.17,0.77,74
cand00790,95.17,0.75,72
cand00836,95.17,0.74,76
cand02151,95.16,0.75,85
cand02327,95.15,0.76,65
cand00843,95.14,0.74,76
cand01664,95.14,0.75,76
cand00002,95.13,0.82,81
cand00427,95.13,0.79,82
cand01399,95.11,0.77,76
cand00791,95.11,0.74,74
cand02166,95.11,0.75,67
cand00325,95.1,0.55,84
cand00972,95.1,0.74,76
cand01604,95.1,0.77,76
cand00033,95.09,0.81,81
cand02289,95.09,0.72,66
cand00778,95.09,0.56,84
cand02047,95.09,0.79,65
cand00246,95.09,0.8,72
cand00824,95.09,0.72,76
cand01784,95.08,0.76,81
cand02060,95.08,0.78,65
cand00995,95.07,0.74,72
cand01777,95.06,0.79,65
cand00691,95.05,0.77,73
cand00309,95.05,0.82,81
cand01662,95.04,0.73,79
cand02295,95.03,0.74,65
cand01788,95.01,0.74,84
cand01854,95.01,0.78,65
cand02069,95.0,0.77,65
cand01615,94.99,0.76,76
cand02335,94.98,0.75,68
cand02345,94.98,0.75,68
cand01957,94.98,0.74,85
cand00573,94.97,0.82,80
cand00109,94.97,0.81,81
cand00087,94.97,0.77,66
cand01687,94.97,0.75,76
cand02260,94.96,0.74,66
cand00494,94.96,0.83,85
cand01192,94.96,0.75,85
cand02133,94.95,0.74,72
cand02402,94.95,0.76,68
cand00765,94.95,0.74,76
cand01533,94.95,0.76,79
cand00270,94.94,0.79,82
cand01260,94.94,0.77,75
cand02406,94.93,0.75,75
cand00051,94.93,0.79,82
cand00618,94.93,0.57,74
cand01308,94.91,0.79,79
cand01058,94.91,0.75,76
cand00861,94.9,0.76,74
cand00973,94.9,0.73,76
cand00570,94.88,0.78,73
cand01531,94.88,0.73,79
cand02039,94.87,0.74,72
cand01810,94.86,0.78,65
cand00736,94.85,0.76,84
cand02304,94.85,0.74,74
cand00939,94.85,0.71,67
cand01829,94.83,0.78,65
cand02220,94.83,0.75,81
cand00692,94.83,0.82,80
cand01484,94.83,0.73,79
cand02427,94.82,0.55,80
cand00793,94.82,0.77,67
cand00789,94.82,0.76,84
cand01246,94.82,0.75,74
cand01919,94.81,0.75,72
cand01294,94.79,0.74,74
cand02216,94.78,0.73,65
cand02315,94.78,0.73,65
cand02272,94.77,0.74,74
cand01506,94.77,0.73,76
cand00383,94.77,0.78,82
cand01821,94.75,0.75,81
cand02012,94.74,0.72,65
cand01326,94.74,0.74,74
cand00688,94.74,0.77,73
cand00562,94.73,0.8,82
cand01763,94.73,0.77,65
cand00619,94.72,0.77,73
cand01107,94.71,0.72,74
cand00900,94.71,0.73,72
cand02373,94.7,0.73,68
cand00623,94.7,0.73,68
cand00633,94.7,0.77,73
cand02026,94.69,0.78,65
cand00591,94.69,0.73,76
cand00963,94.69,0.74,74
cand02376,94.69,0.76,68
cand01846,94.69,0.75,76
cand01234,94.68,0.75,74
cand01209,94.68,0.75,74
cand00022,94.67,0.76,66
cand01546,94.67,0.77,81
cand01532,94.66,0.74,75
cand00092,94.65,0.8,83
cand00356,94.64,0.78,74
cand02264,94.64,0.75,67
cand01038,94.64,0.73,79
cand00466,94.64,0.8,82
cand00646,94.63,0.75,84
cand01078,94.63,0.71,79
cand00167,94.62,0.79,74
cand02371,94.62,0.76,75
cand00946,94.61,0.72,76
cand01623,94.61,0.77,65
cand01088,94.6,0.77,67
cand01584,94.6,0.73,79
cand02168,94.6,0.73,74
cand01707,94.59,0.76,75
cand02076,94.59,0.73,72
cand00707,94.59,0.8,80
cand01712,94.58,0.75,81
cand00275,94.58,0.8,83
cand00672,94.57,0.79,84
cand00903,94.57,0.75,74
cand02186,94.57,0.72,74
cand02378,94.56,0.77,68
cand00610,94.56,0.79,72
cand02152,94.55,0.73,68
cand00344,94.55,0.8,72
cand00877,94.54,0.72,76
cand01479,94.54,0.79,65
cand01697,94.54,0.74,76
cand02052,94.54,0.67,72
cand02020,94.53,0.77,65
cand01848,94.53,0.78,81
cand00334,94.52,0.72,76
cand00332,94.52,0.8,83
cand00403,94.52,0.72,76
cand02362,94.52,0.73,65
cand02464,94.52,0.76,71
cand00699,94.52,0.73,74
cand01499,94.51,0.72,79
cand00738,94.5,0.78,72
cand02233,94.5,0.72,65
cand01704,94.5,0.74,76
cand01191,94.49,0.74,74
cand02164,94.49,0.74,67
cand01454,94.48,0.71,79
cand02412,94.48,0.72,66
cand00769,94.48,0.77,73
cand00467,94.48,0.79,72
cand01121,94.48,0.72,84
cand01723,94.47,0.73,79
cand00354,94.46,0.77,73
cand02231,94.46,0.76,81
cand01617,94.45,0.74,85
cand01482,94.45,0.73,85
cand02275,94.44,0.74,75
cand01145,94.44,0.73,85
cand02061,94.43,0.73,85
cand02092,94.43,0.67,72
cand01147,94.42,0.73,74
cand02379,94.41,0.71,66
cand01649,94.4,0.74,76
cand02382,94.4,0.71,68
cand01860,94.4,0.76,81
cand01141,94.4,0.7,79
cand02018,94.39,0.77,65
cand00262,94.39,0.79,82
cand00695,94.39,0.76,84
cand01721,94.38,0.73,85
cand01361,94.37,0.71,79
cand00021,94.37,0.8,83
cand00009,94.37,0.79,83
cand00890,94.36,0.75,74
cand00753,94.35,0.72,68
cand00190,94.35,0.77,72
cand01857,94.35,0.76,81
cand00402,94.34,0.71,76
cand01571,94.34,0.74,76
cand01367,94.33,0.71,79
cand01591,94.33,0.75,76
cand00519,94.33,0.78,73
cand02326,94.32,0.74,68
cand02167,94.32,0.72,85
cand00155,94.31,0.83,81
cand01109,94.3,0.71,74
cand00525,94.3,0.5,84
cand01768,94.3,0.73,76
cand01895,94.3,0.73,68
cand01898,94.3,0.77,65
cand00299,94.3,0.74,76
cand00588,94.29,0.8,80
cand00024,94.29,0.78,66
cand01667,94.29,0.75,76
cand01781,94.28,0.76,81
cand00915,94.28,0.72,76
cand01836,94.26,0.74,76
cand01118,94.26,0.77,81
cand00639,94.26,0.75,74
cand01104,94.25,0.76,81
cand01212,94.25,0.83,85
cand00608,94.24,0.76,73
cand00589,94.23,0.52,74
cand01748,94.23,0.74,75
cand00445,94.23,0.78,74
cand01273,94.22,0.72,79
cand02180,94.22,0.74,85
cand00011,94.21,0.8,81
cand01236,94.21,0.71,85
cand00708,94.2,0.8,80
cand00899,94.2,0.82,85
cand01288,94.19,0.75,81
cand00340,94.19,0.75,73
cand01103,94.18,0.74,72
cand02025,94.17,0.74,85
cand01696,94.17,0.66,72
cand02313,94.16,0.73,74
cand00056,94.16,0.73,76
cand01470,94.14,0.74,81
cand01384,94.13,0.77,65
cand00199,94.13,0.8,80
cand00417,94.13,0.8,83
cand00773,94.13,0.82,85
cand01210,94.12,0.83,85
cand01347,94.12,0.71,76
cand02088,94.12,0.73,76
cand00832,94.11,0.7,74
cand02346,94.1,0.71,68
cand01830,94.1,0.77,81
cand00477,94.1,0.79,74
cand01855,94.1,0.77,81
cand02129,94.09,0.75,81
cand00160,94.08,0.78,82
cand01061,94.08,0.76,67
cand01149,94.08,0.77,67
cand01988,94.07,0.74,76
cand00870,94.06,0.76,73
cand00157,94.05,0.81,78
cand01684,94.05,0.76,81
cand02014,94.04,0.76,65
cand00169,94.04,0.77,66
cand00620,94.04,0.71,76
cand02100,94.03,0.75,80
cand02249,94.02,0.74,67
cand01778,94.02,0.77,67
cand01912,94.02,0.75,75
cand01717,94.01,0.73,85
cand00978,93.97,0.72,76
cand01837,93.96,0.75,76
cand02125,93.96,0.72,85
cand01795,93.96,0.75,81
cand02214,93.95,0.73,67
cand02360,93.95,0.71,65
cand01641,93.92,0.68,79
cand01391,93.91,0.7,79
cand01423,93.91,0.7,79
cand01359,93.91,0.73,74
cand00487,93.9,0.76,84
cand00706,93.9,0.78,72
cand01131,93.9,0.75,81
cand01113,93.89,0.78,67
cand01006,93.89,0.72,72
cand01842,93.89,0.75,65
cand00290,93.89,0.76,66
cand02399,93.88,0.7,66
cand00387,93.88,0.78,72
cand01135,93.86,0.7,79
cand02194,93.85,0.71,74
cand01476,93.84,0.76,75
cand00928,93.84,0.8,80
cand01547,93.84,0.73,85
cand01283,93.83,0.71,79
cand02245,93.83,0.75,65
cand01376,93.82,0.73,74
cand02250,93.82,0.72,67
cand00478,93.82,0.79,80
cand01244,93.82,0.71,85
cand01151,93.82,0.73,74
cand02004,93.81,0.72,72
cand00593,93.81,0.79,72
cand01300,93.81,0.78,65
cand01331,93.81,0.73,74
cand02093,93.81,0.72,85
cand01422,93.79,0.69,79
cand01046,93.79,0.7,74
cand01322,93.76,0.73,81
cand00373,93.76,0.79,83
cand00229,93.75,0.79,83
cand02040,93.75,0.7,85
cand00912,93.74,0.73,74
cand01371,93.71,0.7,72
cand00846,93.7,0.73,74
cand02296,93.7,0.72,68
cand00482,93.7,0.8,80
cand01915,93.7,0.74,67
cand00709,93.7,0.71,85
cand02255,93.69,0.71,74
cand01424,93.69,0.69,79
cand00979,93.68,0.75,73
cand01016,93.68,0.7,79
cand01413,93.67,0.71,74
cand00136,93.66,0.81,81
cand00151,93.66,0.76,66
cand02395,93.66,0.74,68
cand01530,93.66,0.75,65
cand01626,93.66,0.69,79
cand01984,93.65,0.73,85
cand02401,93.65,0.73,65
cand02284,93.64,0.74,68
cand01843,93.64,0.77,65
cand02207,93.63,0.77,81
cand00079,93.63,0.8,81
cand02386,93.62,0.73,68
cand02336,93.61,0.73,68
cand02297,93.61,0.71,74
cand01782,93.61,0.72,76
cand02347,93.6,0.73,68
cand00148,93.6,0.76,66
cand01643,93.6,0.75,65
cand01889,93.6,0.74,76
cand01307,93.58,0.77,81
cand00522,93.58,0.77,82
cand01719,93.58,0.74,81
cand01047,93.58,0.68,79
cand00803,93.57,0.73,73
cand00526,93.55,0.77,74
cand00431,93.54,0.78,72
cand00734,93.53,0.8,82
cand01223,93.53,0.73,72
cand02155,93.52,0.7,74
cand00772,93.52,0.79,80
cand00680,93.52,0.73,74
cand02111,93.52,0.72,68
cand00316,93.52,0.78,81
cand00676,93.51,0.77,84
cand00464,93.51,0.79,80
cand02358,93.5,0.7,65
cand02470,93.5,0.74,71
cand01051,93.5,0.69,79
cand01256,93.5,0.54,67
cand02199,93.49,0.72,68
cand02344,93.48,0.71,65
cand00421,93.48,0.77,72
cand02286,93.48,0.75,80
cand00806,93.48,0.78,80
cand00016,93.47,0.78,84
cand02082,93.47,0.75,76
cand00077,93.46,0.76,82
cand01217,93.46,0.51,67
cand02042,93.46,0.72,76
cand01516,93.46,0.7,79
cand00365,93.46,0.78,83
cand00945,93.45,0.76,73
cand01787,93.45,0.73,76
cand00984,93.44,0.69,79
cand00306,93.44,0.74,84
cand00575,93.43,0.51,84
cand01599,93.43,0.68,79
cand01200,93.43,0.69,79
cand00217,93.43,0.75,66
cand02077,93.43,0.71,72
cand00812,93.42,0.75,84
cand00842,93.41,0.69,76
cand00670,93.41,0.74,73
cand02407,93.41,0.72,75
cand00543,93.41,0.73,73
cand01338,93.41,0.73,74
cand00150,93.39,0.78,84
cand00338,93.38,0.71,74
cand00933,93.38,0.79,80
cand01297,93.37,0.75,75
cand01272,93.37,0.68,79
cand00393,93.37,0.78,82
cand01067,93.35,0.67,79
cand00506,93.33,0.76,65
cand02070,93.33,0.75,80
cand01498,93.32,0.77,65
cand01259,93.32,0.51,67
cand01027,93.31,0.71,85
cand01628,93.31,0.76,79
cand01072,93.3,0.74,75
cand01364,93.29,0.5,76
cand00161,93.29,0.76,66
cand01306,93.29,0.73,74
cand01853,93.28,0.74,65
cand01056,93.28,0.75,67
cand00076,93.27,0.78,81
cand00897,93.27,0.73,74
cand02144,93.26,0.75,81
cand01722,93.26,0.73,85
cand02123,93.25,0.72,85
cand01867,93.25,0.76,81
cand00840,93.24,0.75,67
cand01024,93.24,0.69,68
cand01775,93.23,0.69,76
cand02202,93.22,0.68,81
cand02032,93.2,0.74,81
cand00416,93.19,0.78,72
cand02204,93.18,0.73,68
cand00047,93.18,0.73,66
cand00216,93.18,0.76,82
cand00400,93.17,0.79,72
cand01277,93.16,0.72,79
cand02139,93.13,0.7,85
cand00260,93.13,0.74,66
cand01266,93.13,0.71,74
cand00866,93.12,0.69,68
cand02374,93.12,0.71,68
cand00848,93.11,0.79,80
cand00188,93.11,0.78,82
cand01567,93.11,0.74,79
cand01677,93.11,0.75,65
cand01933,93.11,0.73,76
cand02350,93.1,0.72,68
cand01660,93.1,0.73,76
cand01174,93.09,0.68,79
cand00823,93.08,0.75,72
cand00857,93.07,0.71,74
cand00026,93.07,0.73,66
cand01510,93.07,0.76,65
cand02316,93.06,0.75,68
cand00948,93.06,0.75,67
cand00784,93.06,0.79,80
cand00430,93.05,0.77,80
cand01013,93.05,0.75,67
cand00341,93.04,0.77,72
cand01211,93.04,0.67,79
cand00295,93.04,0.61,83
cand02130,93.03,0.71,85
cand01282,93.03,0.76,65
cand02409,93.02,0.69,66
cand01666,93.02,0.73,76
cand01014,93.02,0.68,72
cand01868,93.01,0.75,76
cand00330,93.0,0.75,82
cand00904,93.0,0.67,79
cand02209,92.99,0.75,76
cand00119,92.99,0.78,81
cand01638,92.99,0.71,72
cand02184,92.98,0.7,85
cand02405,92.97,0.72,68
cand01015,92.97,0.72,72
cand00271,92.96,0.76,72
cand02281,92.95,0.51,74
cand02053,92.95,0.74,65
cand01625,92.95,0.71,79
cand01258,92.95,0.68,85
cand01293,92.94,0.7,85
cand02461,92.94,0.74,71
cand00679,92.92,0.73,73
cand01318,92.92,0.68,79
cand00943,92.92,0.72,73
cand02356,92.91,0.72,68
cand01654,92.91,0.75,74
cand01030,92.91,0.82,85
cand01487,92.91,0.67,79
cand02098,92.9,0.76,79
cand01173,92.89,0.75,67
cand02208,92.88,0.7,68
cand01590,92.87,0.72,80
cand00441,92.87,0.64,74
cand00886,92.87,0.74,72
cand01374,92.86,0.71,84
cand01824,92.86,0.69,81
cand00132,92.86,0.75,66
cand00540,92.86,0.76,72
cand01752,92.85,0.71,72
cand00105,92.84,0.78,81
cand01645,92.84,0.66,65
cand01430,92.84,0.7,72
cand02065,92.84,0.69,72
cand00775,92.83,0.77,72
cand01785,92.83,0.73,65
cand01864,92.83,0.74,81
cand00697,92.83,0.77,80
cand00111,92.81,0.76,84
cand01573,92.81,0.68,79
cand02324,92.8,0.67,74
cand02384,92.8,0.73,68
cand02050,92.8,0.67,72
cand00625,92.79,0.78,72
cand01392,92.78,0.71,76
cand00064,92.76,0.74,66
cand02267,92.76,0.68,68
cand00227,92.76,0.76,84
cand01325,92.76,0.7,74
cand00259,92.76,0.78,74
cand01922,92.75,0.73,80
cand01225,92.75,0.71,74
cand01334,92.75,0.7,74
cand01417,92.74,0.71,74
cand02108,92.74,0.71,74
cand00130,92.73,0.77,81
cand01669,92.73,0.77,72
cand01411,92.73,0.67,79
cand01271,92.73,0.71,85
cand00574,92.72,0.76,72
cand02342,92.72,0.73,68
cand01385,92.7,0.76,67
cand01343,92.7,0.66,79
cand00635,92.7,0.77,72
cand00827,92.7,0.67,79
cand01380,92.69,0.7,74
cand00219,92.69,0.75,82
cand02033,92.68,0.7,85
cand00700,92.68,0.71,74
cand00054,92.67,0.77,78
cand01609,92.67,0.69,74
cand00964,92.66,0.68,79
cand01356,92.66,0.72,84
cand02392,92.65,0.7,66
cand01178,92.65,0.69,74
cand01344,92.64,0.77,67
cand00129,92.63,0.75,82
cand01339,92.63,0.74,75
cand01031,92.62,0.71,72
cand00273,92.61,0.74,66
cand01224,92.58,0.8,85
cand01548,92.58,0.75,79
cand01053,92.58,0.67,79
cand02418,92.57,0.72,65
cand01563,92.55,0.69,85
cand02073,92.55,0.72,65
cand01354,92.55,0.68,85
cand01089,92.54,0.67,79
cand00029,92.53,0.77,81
cand01581,92.53,0.49,84
cand00025,92.52,0.75,66
cand00940,92.52,0.74,72
cand02369,92.52,0.68,65
cand00820,92.52,0.69,74
cand00712,92.52,0.79,80
cand01570,92.51,0.73,65
cand00241,92.51,0.67,74
cand00892,92.51,0.74,67
cand01080,92.5,0.69,79
cand02400,92.5,0.7,75
cand02276,92.5,0.69,74
cand02307,92.49,0.72,68
cand00796,92.49,0.79,84
cand00510,92.49,0.77,72
cand02353,92.48,0.68,65
cand01181,92.48,0.7,85
cand00203,92.48,0.76,72
cand01519,92.48,0.7,85
cand01389,92.47,0.71,85
cand00017,92.45,0.74,66
cand00425,92.44,0.77,79
cand01165,92.44,0.69,76
cand01315,92.43,0.69,74
cand01207,92.43,0.72,84
cand01733,92.43,0.66,72
cand01036,92.42,0.66,72
cand01457,92.41,0.71,76
cand02468,92.41,0.71,80
cand00539,92.4,0.76,84
cand01840,92.4,0.73,80
cand00869,92.39,0.72,73
cand02265,92.39,0.7,68
cand01695,92.38,0.74,79
cand02340,92.36,0.73,68
cand00006,92.36,0.72,66
cand01977,92.35,0.72,76
cand01464,92.34,0.48,84
cand02124,92.33,0.69,74
cand01460,92.32,0.69,76
cand02472,92.32,0.71,71
cand01720,92.31,0.71,79
cand01634,92.31,0.73,79
cand01673,92.3,0.69,79
cand00248,92.3,0.76,84
cand00905,92.3,0.66,79
cand01931,92.29,0.71,65
cand00408,92.28,0.77,84
cand02064,92.28,0.72,85
cand00628,92.26,0.66,79
cand01967,92.25,0.75,75
cand00962,92.24,0.74,72
cand02380,92.24,0.7,68
cand01483,92.24,0.69,85
cand00397,92.24,0.76,80
cand01468,92.23,0.67,79
cand01798,92.23,0.71,76
cand01263,92.23,0.48,84
cand01363,92.22,0.67,72
cand00555,92.22,0.76,72
cand00363,92.21,0.73,73
cand00434,92.2,0.79,80
cand01352,92.2,0.65,79
cand00536,92.19,0.71,74
cand02107,92.19,0.69,72
cand01002,92.18,0.72,74
cand00826,92.18,0.71,73
cand02261,92.17,0.7,67
cand01655,92.17,0.67,85
cand01603,92.17,0.49,84
cand01312,92.16,0.67,79
cand01796,92.15,0.67,72
cand00858,92.13,0.66,72
cand02131,92.13,0.68,72
cand00347,92.13,0.75,72
cand02270,92.13,0.71,80
cand01794,92.13,0.73,65
cand01432,92.12,0.76,67
cand00600,92.12,0.72,74
cand01203,92.09,0.7,85
cand02068,92.09,0.72,65
cand01329,92.09,0.67,72
cand02337,92.07,0.73,68
cand01112,92.07,0.65,79
cand02292,92.07,0.71,74
cand00049,92.06,0.76,81
cand00163,92.05,0.76,81
cand00829,92.05,0.5,84
cand02015,92.03,0.7,65
cand01456,92.03,0.67,85
cand01451,92.03,0.66,79
cand02370,92.03,0.72,76
cand00242,92.03,0.76,82
cand00720,92.02,0.7,74
cand00569,92.02,0.72,74
cand01706,92.02,0.69,74
cand01289,92.01,0.68,74
cand01412,92.01,0.74,67
cand02177,92.01,0.68,81
cand02417,92.0,0.7,68
cand00959,92.0,0.71,74
cand02318,91.98,0.68,74
cand02463,91.97,0.73,80
cand01950,91.96,0.71,76
cand01747,91.96,0.72,79
cand02348,91.95,0.67,68
cand01681,91.95,0.71,65
cand00211,91.95,0.75,81
cand00907,91.95,0.67,79
cand00372,91.95,0.73,82
cand01993,91.94,0.69,85
cand00957,91.94,0.76,67
cand02109,91.94,0.72,76
cand00544,91.92,0.75,71
cand00405,91.91,0.78,79
cand01324,91.91,0.73,79
cand01650,91.9,0.68,74
cand00687,91.9,0.76,80
cand01448,91.89,0.69,72
cand00032,91.87,0.75,81
cand02445,91.87,0.7,68
cand01453,91.85,0.71,79
cand00554,91.85,0.76,84
cand01685,91.85,0.65,79
cand01501,91.85,0.69,85
cand01278,91.85,0.71,72
cand01086,91.84,0.73,67
cand02269,91.84,0.72,80
cand02441,91.83,0.72,80
cand01888,91.83,0.71,80
cand00479,91.83,0.54,84
cand01802,91.82,0.71,80
cand01970,91.82,0.69,85
cand00432,91.82,0.48,74
cand00921,91.82,0.7,74
cand00508,91.82,0.77,84
cand02457,91.82,0.69,68
cand02099,91.82,0.69,68
cand02174,91.81,0.71,81
cand00359,91.8,0.74,71
cand01947,91.8,0.71,65
cand01182,91.8,0.53,67
cand01514,91.8,0.7,76
cand01518,91.8,0.66,79
cand02277,91.79,0.68,74
cand00471,91.79,0.77,79
cand02156,91.78,0.7,68
cand00394,91.78,0.76,83
cand01441,91.77,0.67,72
cand01948,91.77,0.74,80
cand02352,91.76,0.71,68
cand01987,91.76,0.7,76
cand00491,91.75,0.52,84
cand02074,91.75,0.68,68
cand00289,91.74,0.75,72
cand01215,91.73,0.65,72
cand02035,91.72,0.69,76
cand00816,91.72,0.75,79
cand02419,91.71,0.71,68
cand01425,91.71,0.65,79
cand02062,91.7,0.71,65
cand00448,91.7,0.73,82
cand01458,91.68,0.65,79
cand01186,91.68,0.71,75
cand00719,91.68,0.76,72
cand00028,91.66,0.77,81
cand00523,91.66,0.47,84
cand02279,91.65,0.69,68
cand01436,91.65,0.73,65
cand02431,91.64,0.7,68
cand01600,91.64,0.67,79
cand02341,91.63,0.67,68
cand00716,91.63,0.76,80
cand01083,91.61,0.66,85
cand01284,91.61,0.67,74
cand02364,91.61,0.71,68
cand01942,91.61,0.74,75
cand01517,91.6,0.7,80
cand01336,91.59,0.64,79
cand00457,91.58,0.73,74
cand01552,91.57,0.64,79
cand00833,91.57,0.71,73
cand01281,91.56,0.69,76
cand01290,91.55,0.73,81
cand01029,91.55,0.64,72
cand00349,91.54,0.69,74
cand01792,91.54,0.47,84
cand02248,91.52,0.68,74
cand01000,91.52,0.65,79
cand01337,91.52,0.67,85
cand00651,91.51,0.76,80
cand01375,91.48,0.72,80
cand01012,91.48,0.68,74
cand01068,91.48,0.5,67
cand02149,91.45,0.68,81
cand00172,91.44,0.76,78
cand01187,91.44,0.64,79
cand00252,91.44,0.71,66
cand01920,91.42,0.72,80
cand01793,91.42,0.68,65
cand01691,91.42,0.71,80
cand00500,91.41,0.71,82
cand00094,91.4,0.72,66
cand00936,91.4,0.76,72
cand00407,91.38,0.77,82
cand01585,91.38,0.63,79
cand01317,91.37,0.74,79
cand00244,91.36,0.73,82
cand01851,91.36,0.75,65
cand01845,91.36,0.74,75
cand02160,91.36,0.7,81
cand00435,91.34,0.76,72
cand01251,91.34,0.74,71
cand01968,91.33,0.7,65
cand02234,91.32,0.65,68
cand01818,91.31,0.7,79
cand00145,91.31,0.71,66
cand01229,91.3,0.73,67
cand01711,91.3,0.64,72
cand00834,91.3,0.71,72
cand00010,91.28,0.75,81
cand01042,91.28,0.72,79
cand01966,91.25,0.74,75
cand01299,91.25,0.69,76
cand01172,91.25,0.7,75
cand01065,91.25,0.62,72
cand02338,91.24,0.7,68
cand01544,91.24,0.67,85
cand01075,91.24,0.67,72
cand02176,91.24,0.5,74
cand00177,91.23,0.73,72
cand01183,91.23,0.73,76
cand01335,91.23,0.65,72
cand00762,91.22,0.69,73
cand01393,91.21,0.64,79
cand00926,91.21,0.7,73
cand02390,91.21,0.65,68
cand02010,91.2,0.69,65
cand00584,91.19,0.68,73
cand01313,91.19,0.7,74
cand00930,91.19,0.71,67
cand01034,91.19,0.66,85
cand01899,91.19,0.68,79
cand00513,91.18,0.76,72
cand02413,91.17,0.71,68
cand01037,91.17,0.76,85
cand02236,91.16,0.66,74
cand00055,91.16,0.72,66
cand00424,91.14,0.74,72
cand01828,91.13,0.71,65
cand00516,91.13,0.76,82
cand00315,91.13,0.75,84
cand02471,91.12,0.69,80
cand01397,91.11,0.64,85
cand02425,91.1,0.68,68
cand02322,91.09,0.66,68
cand00501,91.09,0.75,72
cand00579,91.08,0.65,79
cand00871,91.08,0.71,72
cand00233,91.08,0.74,78
cand01799,91.07,0.69,65
cand00126,91.06,0.75,78
cand00099,91.06,0.7,66
cand02306,91.06,0.66,74
cand00855,91.05,0.65,74
cand01319,91.04,0.72,74
cand00277,91.04,0.7,82
cand00983,91.03,0.7,73
cand01340,91.03,0.65,85
cand02242,91.02,0.65,74
cand02258,91.02,0.69,74
cand01120,91.02,0.65,85
cand01980,91.01,0.69,65
cand02191,91.0,0.69,81
cand00238,90.99,0.59,84
cand00149,90.98,0.72,66
cand01185,90.98,0.63,79
cand01350,90.97,0.7,76
cand00278,90.97,0.74,79
cand01189,90.95,0.66,74
cand00659,90.94,0.73,80
cand01613,90.94,0.66,76
cand00156,90.93,0.75,79
cand02343,90.92,0.65,65
cand02148,90.92,0.68,74
cand00560,90.9,0.74,67
cand00486,90.9,0.68,72
cand02321,90.89,0.66,74
cand00988,90.89,0.72,67
cand02206,90.88,0.69,81
cand00787,90.87,0.76,80
cand01383,90.86,0.7,80
cand01157,90.86,0.65,79
cand02403,90.85,0.69,68
cand01598,90.85,0.68,79
cand01404,90.85,0.65,79
cand00880,90.85,0.67,74
cand02153,90.84,0.69,80
cand00214,90.83,0.72,80
cand02181,90.83,0.68,68
cand02366,90.82,0.48,70
cand01472,90.81,0.69,65
cand01302,90.81,0.73,72
cand01426,90.81,0.63,72
cand01110,90.8,0.68,65
cand02241,90.79,0.66,74
cand00531,90.79,0.78,85
cand00541,90.79,0.75,80
cand01838,90.78,0.7,76
cand02391,90.78,0.67,68
cand00436,90.75,0.77,79
cand00305,90.75,0.75,83
cand00380,90.75,0.75,79
cand02136,90.74,0.64,68
cand01233,90.74,0.66,74
cand02467,90.74,0.67,68
cand01858,90.72,0.68,65
cand00640,90.71,0.74,72
cand02465,90.69,0.67,68
cand01040,90.69,0.67,74
cand02170,90.68,0.71,85
cand00370,90.68,0.75,72
cand01879,90.67,0.68,65
cand00805,90.66,0.73,67
cand01976,90.65,0.72,65
cand01474,90.64,0.7,80
cand01439,90.64,0.67,85
cand01043,90.63,0.65,85
cand02259,90.62,0.66,67
cand01558,90.62,0.74,80
cand01351,90.62,0.62,79
cand01114,90.61,0.63,72
cand02301,90.59,0.66,74
cand01137,90.59,0.71,67
cand01508,90.58,0.73,75
cand02331,90.56,0.63,68
cand00324,90.54,0.73,79
cand02271,90.54,0.69,68
cand00071,90.51,0.75,78
cand01129,90.51,0.74,80
cand02225,90.5,0.71,75
cand00548,90.5,0.74,84
cand01789,90.49,0.64,67
cand02239,90.46,0.66,65
cand01035,90.46,0.63,79
cand01975,90.45,0.7,65
cand00037,90.45,0.69,66
cand01770,90.45,0.69,80
cand00741,90.44,0.75,80
cand00801,90.44,0.68,79
cand01574,90.43,0.68,65
cand02251,90.42,0.65,74
cand00348,90.41,0.74,83
cand02224,90.4,0.67,67
cand01003,90.39,0.77,80
cand00178,90.38,0.7,82
cand00152,90.38,0.7,66
cand02334,90.36,0.67,65
cand01466,90.35,0.62,79
cand02436,90.35,0.67,68
cand01023,90.35,0.76,85
cand00097,90.34,0.69,66
cand02278,90.34,0.69,68
cand01762,90.34,0.69,65
cand00267,90.34,0.69,66
cand00755,90.33,0.75,72
cand01832,90.33,0.7,65
cand01716,90.33,0.72,80
cand00223,90.32,0.73,66
cand01486,90.32,0.72,71
cand02211,90.31,0.63,68
cand01872,90.31,0.74,75
cand01877,90.3,0.66,65
cand01213,90.26,0.68,80
cand00914,90.26,0.71,72
cand01127,90.26,0.7,67
cand00744,90.24,0.72,72
cand00867,90.24,0.69,73
cand01402,90.22,0.72,67
cand01304,90.21,0.61,79
cand01737,90.21,0.73,67
cand01148,90.21,0.68,80
cand01578,90.2,0.6,79
cand00839,90.2,0.76,85
cand00283,90.2,0.72,65
cand00489,90.17,0.72,82
cand00811,90.17,0.63,85
cand02162,90.16,0.67,74
cand01477,90.15,0.68,85
cand01097,90.14,0.75,80
cand00794,90.14,0.73,67
cand01237,90.11,0.69,80
cand02319,90.09,0.67,74
cand02078,90.08,0.72,76
cand02426,90.07,0.71,80
cand01387,90.06,0.69,84
cand01171,90.05,0.7,67
cand00207,90.03,0.72,79
cand01779,90.02,0.69,80
cand00913,90.01,0.71,67
cand00280,90.01,0.72,79
cand00776,90.0,0.75,72
cand02079,90.0,0.68,65
cand00723,89.98,0.72,80
cand00561,89.98,0.71,71
cand00058,89.98,0.69,66
cand02398,89.95,0.65,68
cand01901,89.94,0.68,65
cand01106,89.93,0.69,67
cand02095,89.93,0.68,65
cand00379,89.93,0.72,73
cand00725,89.92,0.71,72
cand01804,89.92,0.68,65
cand01897,89.91,0.72,75
cand01155,89.9,0.76,85
cand02480,89.89,0.5,80
cand00862,89.87,0.72,80
cand02143,89.85,0.62,68
cand01534,89.85,0.62,85
cand00269,89.85,0.73,72
cand00030,89.84,0.59,83
cand02459,89.84,0.65,68
cand01133,89.84,0.6,79
cand01553,89.82,0.72,79
cand01730,89.8,0.7,65
cand00650,89.78,0.73,80
cand01108,89.78,0.61,79
cand01222,89.76,0.71,76
cand01077,89.76,0.65,85
cand02311,89.75,0.66,68
cand01309,89.71,0.73,71
cand02023,89.69,0.66,81
cand00969,89.69,0.7,72
cand00788,89.68,0.67,73
cand00942,89.66,0.63,74
cand00798,89.66,0.74,72
cand00498,89.66,0.67,73
cand00580,89.65,0.7,65
cand00197,89.65,0.74,79
cand01537,89.65,0.72,79
cand00091,89.64,0.73,78
cand01132,89.64,0.7,67
cand01341,89.63,0.68,65
cand00863,89.62,0.68,67
cand01261,89.62,0.68,65
cand00080,89.61,0.71,79
cand01929,89.61,0.71,65
cand02349,89.6,0.66,68
cand00355,89.6,0.74,80
cand00098,89.6,0.71,79
cand02228,89.59,0.69,74
cand01826,89.57,0.66,80
cand01489,89.57,0.69,79
cand01228,89.55,0.7,67
cand01780,89.55,0.7,67
cand02192,89.55,0.63,65
cand01827,89.54,0.71,76
cand01925,89.54,0.64,65
cand01305,89.52,0.72,71
cand02205,89.52,0.6,68
cand01803,89.51,0.71,75
cand00265,89.51,0.7,79
cand01502,89.5,0.69,80
cand01831,89.49,0.67,80
cand01463,89.49,0.68,79
cand00084,89.47,0.67,66
cand02320,89.46,0.67,68
cand01161,89.42,0.67,74
cand02268,89.39,0.62,68
cand01926,89.39,0.66,65
cand02094,89.39,0.65,72
cand01124,89.39,0.72,67
cand00369,89.38,0.64,74
cand00528,89.37,0.46,84
cand00976,89.36,0.66,73
cand00249,89.36,0.73,82
cand00804,89.35,0.64,74
cand00853,89.33,0.77,85
cand00664,89.33,0.71,67
cand02462,89.33,0.64,68
cand01117,89.3,0.76,80
cand02054,89.29,0.68,80
cand00797,89.28,0.73,80
cand00678,89.27,0.72,80
cand01540,89.26,0.64,65
cand00735,89.25,0.75,80
cand01314,89.23,0.61,85
cand00353,89.22,0.71,72
cand02328,89.21,0.61,74
cand02479,89.21,0.68,80
cand01050,89.21,0.71,67
cand01512,89.21,0.71,67
cand01009,89.2,0.72,67
cand00446,89.2,0.78,79
cand00135,89.19,0.71,80
cand02288,89.19,0.69,76
cand00909,89.19,0.68,67
cand00038,89.14,0.75,83
cand00925,89.13,0.71,67
cand00456,89.11,0.71,80
cand01019,89.1,0.72,67
cand01247,89.09,0.72,67
cand02037,89.08,0.66,65
cand00982,89.08,0.71,73
cand00351,89.07,0.73,83
cand01366,89.06,0.63,85
cand02085,89.06,0.67,65
cand00568,89.04,0.73,72
cand00504,89.04,0.71,80
cand00419,89.01,0.71,84
cand02175,89.01,0.7,76
cand01790,89.0,0.72,80
cand00044,88.99,0.7,66
cand00819,88.99,0.7,80
cand00497,88.96,0.73,74
cand00046,88.93,0.68,66
cand01130,88.93,0.7,80
cand01386,88.91,0.68,79
cand00474,88.91,0.72,79
cand00746,88.89,0.75,80
cand02312,88.89,0.61,74
cand01497,88.89,0.65,79
cand00970,88.88,0.75,85
cand00674,88.87,0.74,80
cand02363,88.87,0.66,68
cand02452,88.86,0.63,68
cand00250,88.86,0.7,72
cand01930,88.84,0.71,75
cand01938,88.84,0.72,75
cand01894,88.84,0.7,79
cand01963,88.79,0.72,75
cand01644,88.76,0.71,67
cand01741,88.75,0.69,65
cand01465,88.74,0.66,80
cand01449,88.74,0.66,65
cand01162,88.74,0.58,79
cand01735,88.74,0.63,65
cand02217,88.73,0.63,67
cand00559,88.73,0.72,80
cand00947,88.71,0.46,74
cand01445,88.68,0.66,67
cand01629,88.68,0.66,79
cand00644,88.67,0.7,80
cand02253,88.67,0.66,80
cand00179,88.66,0.76,80
cand02138,88.65,0.65,80
cand01144,88.64,0.63,84
cand01429,88.61,0.61,85
cand01972,88.6,0.68,81
cand01797,88.6,0.66,79
cand00517,88.59,0.73,82
cand02420,88.58,0.66,68
cand00438,88.58,0.55,74
cand01670,88.58,0.66,65
cand01896,88.57,0.68,65
cand01632,88.56,0.65,80
cand01914,88.56,0.68,65
cand00732,88.53,0.7,72
cand01066,88.53,0.78,85
cand02416,88.51,0.63,68
cand02365,88.51,0.61,70
cand00524,88.51,0.71,80
cand00388,88.49,0.72,79
cand01494,88.47,0.66,80
cand02237,88.46,0.68,67
cand00656,88.45,0.65,67
cand02367,88.42,0.63,68
cand01390,88.41,0.69,79
cand02282,88.4,0.48,74
cand02448,88.38,0.64,68
cand01158,88.38,0.73,85
cand02377,88.36,0.58,68
cand01240,88.36,0.47,84
cand01833,88.34,0.72,65
cand00527,88.32,0.73,72
cand01227,88.32,0.76,85
cand01201,88.31,0.64,65
cand01814,88.29,0.69,79
cand01515,88.29,0.65,65
cand02453,88.28,0.63,68
cand00282,88.28,0.74,74
cand02046,88.25,0.65,65
cand00298,88.23,0.67,66
cand00001,88.21,0.71,78
cand00123,88.21,0.75,83
cand01944,88.2,0.55,72
cand01708,88.19,0.65,79
cand02132,88.18,0.64,81
cand00101,88.16,0.72,83
cand00634,88.16,0.68,80
cand02247,88.15,0.5,74
cand01882,88.14,0.64,79
cand01142,88.14,0.68,75
cand01551,88.11,0.67,65
cand00993,88.1,0.69,72
cand01346,88.08,0.64,65
cand01905,88.05,0.66,65
cand01084,88.04,0.75,80
cand00596,88.02,0.46,71
cand00998,88.02,0.77,85
cand02449,88.02,0.63,68
cand00251,88.01,0.69,65
cand01496,87.99,0.67,65
cand02066,87.96,0.69,65
cand02474,87.93,0.69,80
cand00450,87.93,0.7,82
cand02232,87.92,0.69,81
cand00200,87.9,0.72,72
cand00751,87.89,0.73,80
cand00795,87.89,0.71,80
cand00703,87.89,0.68,80
cand01052,87.86,0.7,67
cand01355,87.85,0.63,65
cand00095,87.82,0.68,79
cand01226,87.81,0.64,79
cand01990,87.79,0.64,75
cand00557,87.79,0.74,82
cand01602,87.79,0.46,72
cand00771,87.78,0.73,82
cand01576,87.77,0.64,80
cand02246,87.77,0.68,76
cand01577,87.73,0.56,79
cand01119,87.71,0.74,80
cand01909,87.71,0.7,75
cand01890,87.69,0.66,65
cand00418,87.68,0.54,74
cand00704,87.67,0.45,84
cand01841,87.66,0.68,75
cand00849,87.64,0.67,71
cand00121,87.63,0.66,66
cand00311,87.61,0.68,80
cand02447,87.59,0.66,71
cand01378,87.58,0.67,75
cand02423,87.58,0.61,68
cand01592,87.57,0.59,67
cand00000,87.55,0.7,78
cand00164,87.54,0.7,79
cand01612,87.53,0.62,79
cand02007,87.52,0.67,75
cand00893,87.52,0.66,79
cand00108,87.5,0.7,83
cand01100,87.49,0.66,71
cand01523,87.44,0.69,79
cand01123,87.44,0.71,71
cand01936,87.43,0.63,80
cand00384,87.42,0.75,79
cand00977,87.41,0.5,74
cand00140,87.4,0.7,65
cand01115,87.38,0.78,85
cand02317,87.38,0.63,70
cand00035,87.36,0.64,66
cand01928,87.36,0.63,80
cand01676,87.34,0.66,79
cand00821,87.34,0.68,72
cand00413,87.33,0.7,85
cand00974,87.31,0.52,65
cand01971,87.3,0.66,80
cand00675,87.27,0.75,80
cand01303,87.27,0.63,67
cand00412,87.26,0.54,72
cand01358,87.23,0.61,79
cand00822,87.21,0.69,80
cand01447,87.18,0.64,80
cand01279,87.18,0.67,75
cand02435,87.17,0.62,68
cand01647,87.15,0.64,80
cand00808,87.14,0.72,80
cand00533,87.13,0.71,72
cand02240,87.12,0.66,67
cand00192,87.11,0.6,71
cand01301,87.1,0.63,79
cand02476,87.05,0.43,80
cand02080,87.03,0.63,65
cand01823,86.97,0.49,76
cand01668,86.96,0.69,67
cand01715,86.95,0.67,75
cand00196,86.94,0.7,65
cand01701,86.94,0.63,65
cand01587,86.92,0.66,79
cand01749,86.92,0.69,75
cand01071,86.9,0.59,79
cand00296,86.84,0.7,83
cand02430,86.81,0.61,68
cand00572,86.79,0.65,80
cand01714,86.79,0.62,79
cand02442,86.78,0.61,68
cand01431,86.76,0.68,75
cand00534,86.73,0.68,84
cand00245,86.73,0.68,84
cand01420,86.72,0.68,67
cand00138,86.52,0.6,83
cand00493,86.51,0.69,72
cand02456,86.46,0.58,68
cand02454,86.43,0.58,68
cand00655,86.42,0.66,73
cand00594,86.4,0.7,65
cand02043,86.4,0.68,65
cand00159,86.39,0.76,83
cand01863,86.39,0.65,65
cand01958,86.26,0.62,80
cand01594,86.25,0.65,81
cand00684,86.24,0.68,80
cand00896,86.23,0.6,79
cand00183,86.19,0.68,65
cand01653,86.19,0.66,75
cand00641,86.12,0.7,80
cand00176,86.11,0.69,82
cand01478,86.1,0.64,67
cand01242,86.06,0.68,67
cand00532,86.05,0.71,80
cand00511,86.05,0.65,65
cand02221,86.03,0.63,80
cand02361,86.0,0.65,70
cand00748,85.99,0.47,84
cand01291,85.99,0.66,71
cand01859,85.95,0.63,65
cand01444,85.92,0.61,65
cand01994,85.91,0.57,72
cand00809,85.91,0.72,83
cand02397,85.89,0.47,70
cand00426,85.88,0.67,65
cand00614,85.85,0.66,72
cand00975,85.84,0.65,85
cand01021,85.84,0.58,67
cand00854,85.8,0.68,65
cand01166,85.8,0.6,79
cand02294,85.74,0.59,80
cand01028,85.72,0.72,80
cand01952,85.66,0.54,79
cand02355,85.64,0.45,70
cand01953,85.63,0.64,79
cand00399,85.62,0.68,65
cand01321,85.61,0.6,65
cand00272,85.56,0.68,81
cand02443,85.53,0.58,68
cand01880,85.53,0.61,65
cand02024,85.5,0.59,80
cand02332,85.48,0.59,65
cand01725,85.47,0.62,79
cand00831,85.43,0.66,67
cand00361,85.43,0.7,72
cand02450,85.41,0.62,68
cand01986,85.38,0.63,65
cand01099,85.37,0.68,79
cand00257,85.31,0.53,74
cand00711,85.3,0.67,80
cand02142,85.28,0.6,75
cand00258,85.26,0.61,66
cand00994,85.25,0.67,67
cand01593,85.25,0.6,79
cand00378,85.23,0.67,79
cand02140,85.18,0.65,75
cand00422,85.14,0.68,80
cand00742,85.13,0.63,80
cand00069,85.13,0.64,82
cand00367,85.13,0.64,80
cand01365,85.09,0.66,71
cand01455,85.08,0.71,83
cand01702,85.08,0.55,67
cand00638,85.05,0.73,80
cand00780,85.04,0.7,84
cand00799,85.04,0.67,72
cand01813,85.03,0.64,75
cand01618,85.02,0.64,79
cand00110,85.0,0.67,81
cand02161,85.0,0.6,80
cand01982,84.95,0.64,75
cand01268,84.93,0.47,79
cand01852,84.89,0.65,75
cand01819,84.88,0.63,65
cand01658,84.88,0.63,75
cand01545,84.83,0.62,75
cand02458,84.82,0.54,68
cand00828,84.8,0.67,80
cand00781,84.79,0.66,72
cand00234,84.78,0.68,80
cand00442,84.78,0.68,79
cand01410,84.74,0.6,79
cand00761,84.73,0.67,80
cand00358,84.64,0.64,82
cand01254,84.63,0.57,79
cand02438,84.62,0.6,68
cand02469,84.6,0.62,80
cand00609,84.59,0.69,72
cand00643,84.51,0.62,80
cand00292,84.5,0.65,84
cand00146,84.48,0.67,72
cand02394,84.43,0.63,71
cand01536,84.41,0.54,67
cand01253,84.39,0.63,67
cand00868,84.38,0.6,67
cand00916,84.38,0.64,72
cand00730,84.37,0.67,72
cand00488,84.36,0.65,72
cand00350,84.32,0.69,80
cand02359,84.3,0.63,76
cand00938,84.29,0.61,73
cand02414,84.28,0.57,65
cand01835,84.24,0.63,81
cand01839,84.21,0.67,65
cand01342,84.2,0.51,79
cand02410,84.12,0.58,68
cand01740,84.12,0.61,67
cand01809,84.03,0.5,79
cand00470,84.0,0.65,65
cand01557,83.99,0.63,75
cand00807,83.99,0.7,80
cand00750,83.95,0.63,72
cand01751,83.91,0.5,79
cand01216,83.9,0.61,76
cand01152,83.86,0.57,79
cand00529,83.85,0.6,65
cand01742,83.85,0.65,65
cand02071,83.83,0.68,72
cand02087,83.81,0.55,72
cand02466,83.75,0.58,68
cand00752,83.74,0.59,67
cand01847,83.74,0.61,75
cand00514,83.72,0.5,65
cand00189,83.7,0.64,65
cand00326,83.68,0.6,65
cand02439,83.65,0.58,68
cand00023,83.62,0.63,79
cand01156,83.59,0.63,79
cand02280,83.55,0.57,80
cand01175,83.55,0.65,80
cand01250,83.54,0.66,67
cand00404,83.49,0.48,74
cand01678,83.49,0.62,75
cand00012,83.42,0.63,74
cand00981,83.4,0.55,67
cand01754,83.4,0.51,79
cand01917,83.38,0.57,75
cand01529,83.36,0.56,79
cand01039,83.35,0.46,85
cand01079,83.34,0.63,81
cand00837,83.33,0.63,72
cand01274,83.33,0.48,79
cand02163,83.32,0.53,80
cand02478,83.29,0.47,80
cand00598,83.28,0.66,65
cand01806,83.25,0.61,75
cand00175,83.23,0.62,79
cand01633,83.22,0.65,67
cand02415,83.21,0.54,68
cand01160,83.18,0.61,71
cand01700,83.17,0.66,75
cand02477,83.16,0.6,80
cand00567,83.15,0.57,79
cand01596,83.13,0.64,75
cand00537,83.06,0.67,85
cand00505,83.0,0.61,84
cand01572,82.99,0.71,83
cand02044,82.95,0.58,72
cand01973,82.91,0.58,79
cand01232,82.9,0.6,67
cand01539,82.89,0.42,79
cand00847,82.85,0.7,85
cand01561,82.84,0.6,79
cand01524,82.84,0.56,79
cand00759,82.82,0.6,82
cand00015,82.82,0.56,66
cand00607,82.79,0.6,65
cand00910,82.79,0.57,79
cand02187,82.77,0.58,81
cand00473,82.76,0.64,65
cand01184,82.65,0.56,79
cand02009,82.64,0.57,72
cand00276,82.64,0.63,66
cand00710,82.64,0.6,72
cand01904,82.63,0.62,75
cand02034,82.61,0.55,72
cand02385,82.58,0.6,75
cand01377,82.57,0.58,67
cand00444,82.57,0.65,82
cand01197,82.48,0.7,83
cand02411,82.44,0.59,75
cand00760,82.42,0.57,73
cand00377,82.4,0.61,71
cand02185,82.39,0.52,65
cand01214,82.33,0.56,79
cand00632,82.33,0.61,72
cand00622,82.3,0.59,67
cand00739,82.29,0.65,85
cand01491,82.27,0.56,74
cand02372,82.25,0.6,68
cand01504,82.24,0.56,79
cand01694,82.22,0.63,75
cand01674,82.21,0.57,79
cand00082,82.19,0.61,80
cand01280,82.18,0.62,75
cand00885,82.18,0.59,65
cand00128,82.12,0.63,83
cand00932,82.12,0.61,83
cand00410,82.11,0.67,80
cand02002,82.09,0.64,75
cand01017,82.08,0.62,65
cand02227,82.07,0.55,81
cand01452,82.06,0.6,67
cand00116,82.06,0.57,66
cand01750,82.06,0.6,75
cand01656,82.04,0.6,65
cand00571,82.03,0.59,65
cand02298,82.02,0.51,80
cand02262,82.01,0.56,68
cand01583,81.99,0.43,79
cand01219,81.99,0.42,79
cand01902,81.96,0.62,75
cand01805,81.95,0.59,65
cand00067,81.95,0.67,78
cand01954,81.94,0.44,79
cand01665,81.93,0.51,67
cand01941,81.93,0.64,75
cand01267,81.92,0.51,79
cand00605,81.9,0.43,71
cand01193,81.88,0.62,71
cand01525,81.87,0.71,83
cand00221,81.87,0.6,84
cand01661,81.8,0.49,79
cand01298,81.78,0.55,74
cand02293,81.73,0.51,68
cand00439,81.67,0.63,65
cand01949,81.66,0.57,76
cand00366,81.64,0.46,83
cand00603,81.62,0.61,82
cand01881,81.58,0.59,72
cand02475,81.55,0.54,80
cand00039,81.53,0.6,66
cand00583,81.5,0.67,83
cand00414,81.5,0.64,84
cand02437,81.48,0.51,71
cand01419,81.35,0.51,79
cand01640,81.33,0.5,76
cand02104,81.32,0.59,76
cand00585,81.3,0.61,65
cand01062,81.28,0.57,79
cand02006,81.27,0.46,79
cand01348,81.24,0.65,83
cand00630,81.22,0.64,72
cand02154,81.16,0.48,76
cand00454,81.13,0.63,82
cand00874,81.1,0.66,82
cand01270,81.09,0.61,75
cand00731,81.05,0.62,82
cand02072,81.0,0.53,76
cand00333,80.97,0.6,84
cand00036,80.95,0.55,74
cand01493,80.93,0.52,67
cand00550,80.92,0.63,65
cand01565,80.91,0.61,75
cand00682,80.89,0.65,82
cand01406,80.87,0.64,83
cand00737,80.82,0.68,82
cand00653,80.82,0.65,82
cand00158,80.82,0.51,82
cand00952,80.81,0.59,65
cand01997,80.8,0.61,75
cand01869,80.8,0.6,75
cand01639,80.77,0.48,79
cand02455,80.72,0.41,68
cand01822,80.71,0.6,75
cand01713,80.69,0.42,67
cand01433,80.67,0.68,83
cand01731,80.67,0.48,67
cand01825,80.65,0.62,75
cand00906,80.63,0.56,74
cand00542,80.6,0.54,74
cand00792,80.55,0.66,85
cand01513,80.54,0.55,79
cand00485,80.5,0.62,79
cand00967,80.48,0.6,65
cand01588,80.47,0.58,75
cand00879,80.43,0.5,71
cand01728,80.4,0.55,79
cand00919,80.4,0.57,71
cand01500,80.4,0.42,83
cand02300,80.37,0.51,80
cand01125,80.36,0.54,79
cand02309,80.34,0.45,74
cand00767,80.34,0.66,83
cand01167,80.33,0.66,80
cand00586,80.26,0.6,71
cand01817,80.2,0.51,79
cand01480,80.13,0.61,85
cand02041,80.12,0.55,65
cand01238,80.09,0.6,85
cand01932,80.08,0.56,65
cand00856,80.04,0.47,65
cand00992,79.96,0.61,72
cand02013,79.95,0.58,75
cand00953,79.9,0.56,67
cand01316,79.88,0.49,79
cand00966,79.88,0.69,85
cand01945,79.87,0.44,79
cand00845,79.83,0.59,72
cand02473,79.83,0.57,80
cand00564,79.8,0.65,85
cand01527,79.78,0.44,79
cand01878,79.76,0.49,79
cand00999,79.74,0.61,65
cand01756,79.65,0.47,79
cand00048,79.62,0.56,74
cand00437,79.55,0.59,80
cand01462,79.51,0.53,65
cand00800,79.48,0.57,80
cand01535,79.46,0.63,65
cand00715,79.45,0.64,82
cand00950,79.41,0.66,85
cand00872,79.34,0.62,85
cand01981,79.34,0.61,75
cand00758,79.27,0.64,82
cand01320,79.26,0.59,67
cand00587,79.24,0.62,85
cand00374,79.2,0.56,65
cand01906,79.17,0.4,79
cand00898,79.15,0.53,65
cand01601,79.1,0.6,75
cand01652,79.06,0.49,65
cand00371,78.98,0.46,83
cand01808,78.93,0.59,65
cand00968,78.93,0.5,80
cand02440,78.89,0.54,71
cand01773,78.86,0.6,75
cand00484,78.84,0.57,79
cand00960,78.83,0.55,71
cand01672,78.8,0.38,85
cand01861,78.73,0.58,75
cand01409,78.69,0.56,79
cand01554,78.68,0.47,65
cand00433,78.67,0.62,85
cand00889,78.55,0.61,72
cand02460,78.54,0.47,68
cand00668,78.45,0.64,82
cand01555,78.39,0.42,79
cand00205,78.37,0.55,66
cand00375,78.22,0.57,83
cand01434,78.15,0.6,83
cand01679,78.11,0.46,79
cand01801,78.1,0.53,65
cand00955,78.06,0.67,85
cand01511,78.03,0.47,65
cand02030,77.95,0.56,76
cand01081,77.91,0.52,80
cand00683,77.91,0.46,72
cand01292,77.87,0.49,71
cand00631,77.87,0.54,65
cand00645,77.86,0.56,80
cand00463,77.84,0.45,74
cand01939,77.82,0.5,79
cand01783,77.79,0.58,75
cand00602,77.71,0.54,65
cand02003,77.66,0.56,75
cand00612,77.66,0.56,65
cand00615,77.65,0.5,82
cand02145,77.63,0.6,75
cand00469,77.62,0.56,80
cand00563,77.55,0.58,80
cand02433,77.53,0.39,68
cand01876,77.5,0.58,75
cand01074,77.49,0.54,67
cand00521,77.45,0.46,74
cand01509,77.45,0.55,75
cand00989,77.4,0.56,65
cand02120,77.38,0.55,76
cand01235,77.38,0.57,83
cand01461,77.35,0.44,71
cand02096,77.3,0.68,83
cand01087,77.27,0.53,67
cand00308,77.27,0.62,82
cand00187,77.26,0.59,83
cand00185,77.25,0.55,80
cand00191,77.2,0.57,78
cand01951,77.14,0.61,72
cand01671,77.12,0.56,65
cand01582,77.04,0.48,67
cand00888,77.01,0.61,72
cand00547,76.98,0.47,74
cand02421,76.96,0.49,68
cand00472,76.89,0.58,82
cand00381,76.78,0.48,80
cand01955,76.77,0.41,79
cand00007,76.75,0.52,66
cand01208,76.69,0.57,67
cand02375,76.56,0.4,68
cand01026,76.52,0.47,65
cand01180,76.5,0.64,85
cand00690,76.48,0.61,82
cand00657,76.37,0.63,82
cand02090,76.32,0.65,83
cand02134,76.31,0.53,72
cand01163,76.3,0.58,71
cand00240,76.25,0.54,74
cand00447,76.23,0.39,65
cand00582,76.21,0.54,80
cand01098,76.11,0.56,83
cand00693,76.11,0.55,80
cand02422,76.06,0.41,68
cand01054,76.05,0.49,85
cand02022,76.03,0.56,83
cand00649,75.99,0.53,72
cand00841,75.98,0.57,80
cand01849,75.98,0.53,75
cand00565,75.86,0.66,85
cand01580,75.84,0.46,65
cand02446,75.76,0.49,68
cand00281,75.73,0.59,82
cand00595,75.71,0.36,65
cand01765,75.69,0.49,65
cand02451,75.67,0.42,68
cand00613,75.59,0.56,80
cand00604,75.59,0.52,82
cand01887,75.55,0.57,75
cand01264,75.55,0.56,83
cand00078,75.52,0.6,74
cand02444,75.49,0.36,68
cand00813,75.4,0.59,80
cand00825,75.39,0.52,82
cand00647,75.32,0.5,74
cand00490,75.3,0.52,82
cand02000,75.25,0.6,72
cand02001,75.2,0.56,83
cand00733,75.2,0.54,80
cand00726,75.2,0.51,82
cand00237,75.19,0.63,82
cand00453,75.15,0.51,80
cand01743,75.09,0.48,76
cand00317,75.05,0.49,82
cand00357,74.91,0.42,83
cand00553,74.91,0.44,74
cand00385,74.9,0.51,82
cand01597,74.86,0.56,83
cand00204,74.86,0.53,79
cand00783,74.69,0.59,85
cand00322,74.65,0.4,80
cand01095,74.63,0.55,65
cand02434,74.59,0.45,68
cand00884,74.52,0.51,82
cand00756,74.48,0.52,80
cand02051,74.45,0.48,67
cand01269,74.37,0.43,72
cand00062,74.33,0.53,79
cand01989,74.26,0.52,72
cand01202,74.23,0.47,67
cand00786,74.22,0.53,80
cand01870,74.22,0.45,72
cand00089,74.2,0.54,79
cand00671,74.18,0.54,80
cand01621,74.16,0.48,67
cand01116,74.13,0.52,65
cand02119,74.12,0.62,83
cand01698,73.96,0.5,75
cand00114,73.87,0.53,79
cand01874,73.87,0.43,75
cand01610,73.78,0.53,75
cand01475,73.74,0.4,65
cand00530,73.7,0.44,72
cand00545,73.65,0.5,82
cand01045,73.65,0.58,85
cand01940,73.64,0.52,75
cand00611,73.63,0.59,82
cand02323,73.59,0.5,68
cand00627,73.59,0.54,65
cand00980,73.47,0.58,67
cand01569,73.34,0.4,83
cand00996,73.33,0.47,65
cand02263,73.32,0.41,68
cand00538,73.31,0.59,74
cand02137,73.3,0.49,85
cand01311,73.3,0.39,67
cand00112,73.29,0.51,79
cand02135,73.16,0.53,83
cand01651,73.11,0.46,65
cand00480,73.04,0.53,80
cand00876,73.03,0.53,80
cand00208,73.02,0.52,78
cand01041,73.0,0.53,71
cand02118,72.93,0.46,68
cand00409,72.92,0.48,65
cand00201,72.91,0.51,79
cand00294,72.84,0.37,71
cand00616,72.8,0.51,80
cand01875,72.79,0.51,85
cand00218,72.69,0.5,79
cand01134,72.67,0.52,65
cand00100,72.64,0.49,79
cand02075,72.63,0.42,85
cand00307,72.61,0.46,79
cand01541,72.6,0.52,75
cand01032,72.5,0.4,65
cand00601,72.41,0.56,71
cand00455,72.41,0.5,72
cand02146,72.32,0.4,83
cand00745,72.27,0.53,80
cand00420,72.22,0.58,85
cand01459,72.21,0.52,83
cand00552,72.19,0.53,80
cand00476,72.14,0.51,80
cand00949,72.11,0.42,74
cand00652,72.09,0.46,80
cand00352,72.06,0.5,80
cand00891,72.05,0.47,83
cand00443,72.02,0.46,84
cand01473,72.0,0.46,67
cand00987,71.93,0.42,83
cand00817,71.77,0.46,71
cand01257,71.73,0.44,65
cand00171,71.54,0.51,79
cand00475,71.52,0.53,80
cand00291,71.5,0.47,79
cand01873,71.44,0.51,75
cand02396,71.41,0.39,68
cand01771,71.29,0.44,65
cand01323,71.29,0.51,75
cand00459,71.23,0.54,79
cand00236,71.18,0.48,79
cand01243,71.16,0.46,65
cand02193,71.14,0.52,72
cand00120,71.09,0.48,79
cand00729,71.04,0.48,72
cand00556,71.02,0.45,65
cand01538,70.98,0.36,71
cand00068,70.94,0.47,66
cand02256,70.89,0.47,85
cand01230,70.83,0.49,67
cand01231,70.67,0.5,71
cand00256,70.62,0.53,79
cand01205,70.61,0.4,83
cand01772,70.51,0.48,75
cand01398,70.49,0.48,71
cand01154,70.45,0.47,67
cand01761,70.36,0.38,65
cand00213,70.34,0.5,79
cand00951,70.33,0.49,67
cand00034,70.29,0.48,66
cand00507,70.2,0.53,80
cand01368,70.16,0.36,85
cand01059,70.16,0.51,75
cand01937,69.98,0.46,72
cand01092,69.93,0.5,65
cand00535,69.92,0.6,85
cand00392,69.89,0.5,79
cand00749,69.87,0.49,82
cand01520,69.84,0.41,65
cand00698,69.75,0.47,71
cand02005,69.64,0.5,75
cand01168,69.6,0.49,67
cand00802,69.56,0.46,71
cand02019,69.44,0.36,85
cand00669,69.43,0.48,80
cand00065,69.4,0.47,66
cand01903,69.38,0.58,72
cand00766,69.3,0.52,72
cand00193,69.27,0.48,79
cand00398,69.27,0.37,71
cand01396,69.24,0.48,67
cand00629,69.24,0.38,72
cand02173,69.22,0.52,72
cand00566,69.18,0.42,65
cand00230,69.15,0.49,83
cand00920,69.05,0.42,65
cand00293,69.01,0.5,82
cand00626,68.98,0.4,65
cand00261,68.93,0.4,79
cand00621,68.6,0.44,65
cand00364,68.59,0.47,79
cand00335,68.5,0.46,82
cand01820,68.47,0.41,65
cand00814,68.4,0.54,80
cand00088,68.39,0.43,79
cand00411,68.18,0.46,71
cand01910,68.03,0.49,75
cand01195,68.01,0.45,71
cand00239,67.97,0.45,79
cand01010,67.89,0.47,71
cand00368,67.88,0.49,71
cand01388,67.67,0.38,83
cand00705,67.66,0.53,82
cand02021,67.57,0.38,65
cand00323,67.5,0.39,65
cand01252,67.44,0.48,65
cand00458,67.43,0.42,65
cand00578,67.4,0.37,71
cand01595,67.38,0.45,72
cand00599,67.36,0.42,65
cand02189,67.36,0.34,85
cand01815,67.35,0.52,75
cand00581,67.29,0.47,82
cand01467,67.28,0.43,65
cand00740,67.19,0.47,85
cand00142,67.19,0.5,79
cand00468,67.14,0.52,82
cand00677,67.06,0.37,67
cand02141,67.03,0.44,83
cand00461,66.97,0.5,82
cand01164,66.95,0.44,65
cand00209,66.89,0.56,74
cand01249,66.89,0.49,71
cand01018,66.88,0.45,71
cand01218,66.83,0.39,71
cand01373,66.74,0.45,71
cand02200,66.66,0.39,85
cand01657,66.62,0.47,75
cand01710,66.6,0.41,67
cand01834,66.49,0.44,75
cand00212,66.47,0.41,79
cand01427,66.38,0.4,71
cand01619,66.31,0.42,72
cand01757,66.27,0.41,75
cand01004,66.22,0.54,85
cand00499,66.2,0.45,79
cand01241,66.16,0.42,74
cand00382,66.12,0.47,82
cand02067,66.11,0.4,65
cand01507,66.09,0.42,75
cand01143,66.07,0.41,65
cand01624,66.06,0.46,75
cand00168,66.0,0.42,83
cand00895,66.0,0.4,65
cand00133,65.94,0.49,79
cand00460,65.94,0.45,79
cand00815,65.9,0.5,82
cand01862,65.89,0.4,65
cand00215,65.82,0.42,83
cand00483,65.7,0.46,79
cand00206,65.67,0.44,79
cand00830,65.66,0.55,85
cand01699,65.61,0.46,75
cand01959,65.57,0.45,75
cand00288,65.5,0.42,71
cand00673,65.38,0.48,85
cand00551,65.3,0.48,82
cand00902,65.14,0.38,65
cand01811,65.12,0.47,75
cand01025,65.01,0.4,65
cand00663,65.0,0.43,73
cand00685,64.91,0.43,80
cand00428,64.81,0.41,65
cand01744,64.8,0.41,65
cand02084,64.77,0.38,83
cand00606,64.46,0.4,71
cand00597,64.43,0.44,71
cand01048,64.41,0.48,85
cand01159,64.38,0.48,67
cand01488,64.35,0.4,65
cand00770,64.29,0.5,85
cand01745,64.29,0.37,65
cand00935,64.28,0.38,65
cand00520,64.23,0.37,65
cand01562,64.22,0.41,67
cand01816,64.21,0.39,65
cand00113,64.1,0.43,83
cand01622,64.04,0.4,65
cand00592,63.98,0.45,80
cand01194,63.74,0.4,71
cand01055,63.69,0.48,85
cand01923,63.61,0.43,75
cand01330,63.58,0.34,71
cand00462,63.45,0.33,65
cand01924,63.24,0.4,75
cand01275,63.01,0.38,75
cand01169,63.0,0.41,65
cand00577,62.91,0.42,65
cand00314,62.79,0.44,79
cand01956,62.77,0.4,75
cand01381,62.58,0.42,67
cand02157,62.52,0.44,72
cand00835,62.35,0.36,71
cand01328,62.11,0.44,71
cand00018,62.03,0.42,66
cand01239,62.01,0.39,71
cand00360,61.84,0.39,71
cand01245,61.74,0.3,65
cand00617,61.59,0.31,65
cand00911,61.53,0.43,67
cand01179,61.43,0.36,85
cand00202,61.38,0.37,71
cand01911,61.29,0.41,75
cand00390,60.89,0.38,71
cand00285,60.8,0.42,73
cand00864,60.49,0.5,85
cand02011,60.47,0.44,75
cand00971,60.25,0.34,65
cand02198,60.16,0.45,85
cand00075,60.14,0.43,79
cand00624,60.03,0.41,72
cand01262,59.89,0.35,65
cand00406,59.5,0.37,71
cand01327,59.49,0.37,67
cand00965,59.46,0.33,72
cand01204,59.31,0.42,85
cand00041,57.75,0.36,78
cand00053,56.64,0.35,78
cand01446,56.32,0.33,71
cand00958,56.02,0.41,85
cand01094,55.58,0.41,85
cand02188,54.77,0.37,85
cand01007,53.19,0.29,65
cand01221,53.16,0.36,85
