cand,ipsae_min,sc_dockq,bsa,ddg,dSASA,cms,nres,irms,Lrms,fnat,ncontact,consensus_pass
cand00073,0.8031,0.868,970.4,-60.11,1848.8,441.2,77,0.871,1.589,0.889,97,1
cand00169,0.8001,0.901,961.9,-57.58,1780.6,421.7,69,0.66,1.332,0.889,98,1
cand00106,0.7992,0.805,910.5,-46.58,1721.0,396.5,74,0.982,1.595,0.75,83,1
cand00031,0.7980,0.89,1011.6,-58.84,1907.0,462.6,75,0.758,1.116,0.889,97,1
cand01347,0.7955,0.661,989.0,-51.82,1851.1,444.8,73,1.554,3.787,0.667,99,1
cand00150,0.7896,0.723,938.3,-47.56,1778.4,414.9,70,1.294,2.371,0.667,92,1
cand00224,0.7890,0.792,947.1,-52.17,1764.7,413.7,80,1.042,1.931,0.75,95,1
cand00375,0.7890,0.732,844.7,-38.88,1607.2,370.6,72,0.939,1.322,0.5,76,0
cand00074,0.7764,0.819,870.2,-47.27,1628.4,359.7,73,0.917,1.214,0.75,82,0
cand00725,0.7745,0.833,985.5,-53.69,1857.4,426.8,78,0.974,1.668,0.833,98,1
cand00747,0.7710,0.153,919.4,-44.43,1697.4,327.6,55,5.007,10.958,0.0,71,0
cand00342,0.7693,0.668,939.8,-44.63,1808.3,401.7,62,1.281,2.418,0.5,86,1
cand01927,0.7671,0.34,871.7,-36.08,1658.8,391.2,64,3.134,7.198,0.25,82,0
cand00205,0.7649,0.887,908.0,-45.74,1719.2,379.4,72,0.782,1.05,0.889,87,1
cand01549,0.7648,0.803,976.1,-54.40,1853.6,471.0,68,1.348,3.494,1.0,96,1
cand01692,0.7631,,996.2,-48.00,1920.8,413.3,63,,,,89,0
cand01736,0.7630,0.226,743.4,-30.61,1330.1,306.2,57,3.641,7.956,0.0,66,0
cand00159,0.7626,0.825,893.2,-45.75,1691.1,393.9,72,0.811,1.927,0.75,92,1
cand01775,0.7623,0.881,980.1,-50.95,1889.4,451.4,74,0.999,1.948,1.0,98,1
cand02300,0.7614,0.943,1096.0,-58.93,2041.1,455.1,80,0.632,1.226,1.0,107,1
cand00395,0.7612,0.641,951.5,-48.88,1784.9,420.0,67,1.496,2.475,0.5,84,1
cand00066,0.7581,0.799,1005.5,-50.08,1847.2,448.0,78,0.998,1.849,0.75,100,1
cand01165,0.7581,0.825,947.4,-45.64,1813.8,374.6,70,1.186,3.438,1.0,89,1
cand02473,0.7579,0.884,1002.1,-48.92,1885.7,432.2,73,0.87,2.774,1.0,87,1
cand02270,0.7567,0.919,1126.6,-54.62,2123.7,500.0,82,0.764,1.689,1.0,98,1
cand02100,0.7561,0.864,1047.6,-58.66,1978.5,533.6,83,1.034,2.584,1.0,110,1
cand02138,0.7561,0.877,1132.0,-58.14,2128.8,547.4,82,0.732,1.596,0.857,105,1
cand00534,0.7557,0.681,1100.4,-47.94,2057.1,459.1,70,1.193,2.348,0.5,93,1
cand02479,0.7539,0.892,1080.6,-47.06,2001.9,385.8,61,0.838,2.598,1.0,88,1
cand00332,0.7538,0.77,972.1,-51.55,1849.1,424.4,77,1.163,2.211,0.75,93,1
cand00451,0.7533,0.644,987.3,-47.35,1843.8,429.9,70,1.394,2.906,0.5,85,1
cand01918,0.7531,0.84,984.1,-57.54,1909.7,503.3,71,1.189,2.747,1.0,96,1
cand02441,0.7513,0.875,1097.0,-53.09,2040.7,447.4,71,0.881,3.106,1.0,91,1
cand02170,0.7511,0.819,1242.1,-52.33,2331.1,502.1,94,0.921,2.624,0.818,119,1
cand01514,0.7501,0.873,1010.2,-51.38,1858.8,452.8,79,0.949,2.782,1.0,98,1
cand00297,0.7495,0.658,936.1,-42.13,1712.1,371.8,62,1.385,2.257,0.5,82,1
cand02475,0.7481,0.897,1100.1,-48.94,2077.3,475.8,69,0.807,2.595,1.0,100,1
cand02253,0.7472,0.835,1106.5,-54.51,2066.8,488.9,82,0.957,2.193,0.857,105,1
cand00115,0.7452,0.016,-0.0,0.00,0.0,,0,21.018,40.771,0.0,0,0
cand02117,0.7449,0.806,901.0,-46.46,1696.7,398.3,77,0.864,1.91,0.714,89,1
cand01687,0.7423,0.827,942.2,-58.08,1760.5,473.1,72,1.278,2.794,1.0,98,1
cand00408,0.7402,0.682,900.8,-40.16,1726.4,382.2,62,1.207,2.188,0.5,86,1
cand01868,0.7398,0.817,932.7,-45.42,1709.7,387.9,74,1.309,3.086,1.0,94,1
cand01864,0.7398,,983.2,-38.63,1831.2,359.6,67,,,,94,0
cand00094,0.7382,0.895,888.3,-50.42,1731.5,395.9,71,0.737,0.796,0.889,87,1
cand01485,0.7381,0.844,970.0,-55.91,1774.0,420.2,71,1.147,2.812,1.0,101,1
cand01522,0.7360,0.906,922.9,-44.38,1691.0,429.3,72,0.828,1.893,1.0,88,1
cand01490,0.7335,0.891,1042.6,-56.85,1966.8,487.2,73,0.956,1.66,1.0,105,1
cand01958,0.7334,0.814,1106.0,-55.46,2125.0,517.6,83,1.36,2.931,1.0,103,1
cand02115,0.7312,0.824,929.8,-50.06,1793.2,404.6,80,0.77,1.602,0.714,87,1
cand01296,0.7312,0.831,949.9,-48.93,1821.6,434.1,77,1.212,3.031,1.0,88,1
cand02474,0.7301,0.905,908.1,-43.97,1726.7,453.7,72,0.835,1.889,1.0,83,1
cand02162,0.7297,0.663,903.8,-39.93,1766.3,379.6,68,1.504,3.333,0.625,87,0
cand02203,0.7295,0.3,821.1,-38.03,1586.1,365.1,61,3.942,9.186,0.312,78,0
cand01933,0.7291,0.855,1023.3,-64.70,1904.8,432.3,72,1.148,2.23,1.0,98,1
cand01884,0.7287,0.9,977.7,-53.40,1848.8,419.3,69,0.905,1.576,1.0,90,1
cand01790,0.7285,0.827,958.0,-48.65,1782.9,419.8,74,0.989,2.394,0.857,88,1
cand00718,0.7284,0.879,756.4,-44.04,1413.8,322.0,57,0.713,1.648,0.857,66,0
cand02343,0.7272,0.912,1099.6,-49.81,2101.4,454.9,82,0.701,2.568,1.0,110,1
cand02161,0.7266,0.926,1116.1,-63.80,2134.8,521.6,79,0.667,2.069,1.0,101,1
cand01782,0.7260,0.833,1013.2,-56.09,1895.4,456.8,71,1.182,3.124,1.0,95,1
cand02299,0.7257,0.693,1053.8,-55.79,2017.3,469.2,79,1.545,3.146,0.714,96,1
cand00122,0.7252,0.031,686.7,137.11,1245.4,221.3,60,8.242,33.346,0.0,56,0
cand01072,0.7247,0.032,991.8,-47.52,1843.2,381.0,62,14.322,28.123,0.0,86,0
cand02321,0.7244,0.833,940.6,-46.01,1818.9,383.8,73,1.006,2.229,0.875,93,1
cand00401,0.7233,0.772,654.7,-39.18,1247.3,282.6,52,1.011,4.624,0.857,61,0
cand02153,0.7223,0.669,1031.4,-56.97,1960.0,444.4,78,1.663,3.672,0.714,94,1
cand02033,0.7221,0.033,899.0,-43.40,1713.8,436.8,63,8.068,31.991,0.0,78,0
cand01831,0.7220,0.834,1128.3,-43.83,2112.3,401.9,77,1.013,1.796,0.857,93,1
cand01838,0.7214,0.447,924.1,-47.36,1755.5,391.2,67,2.739,7.856,0.571,81,1
cand01894,0.7204,0.317,894.4,-44.40,1667.8,387.1,60,3.305,8.842,0.3,83,1
cand02429,0.7200,0.773,974.9,-55.97,1775.4,442.9,70,0.782,1.954,0.583,95,1
cand01928,0.7199,0.938,1073.6,-51.50,2042.2,423.4,81,0.616,1.737,1.0,97,1
cand02286,0.7198,0.657,1050.6,-49.17,1940.4,446.9,79,1.44,3.133,0.571,87,1
cand02471,0.7195,0.917,993.6,-49.34,1897.2,429.3,66,0.713,2.262,1.0,96,1
cand02269,0.7176,0.826,1076.5,-47.00,2006.3,448.5,69,1.056,1.905,0.857,91,1
cand01635,0.7175,0.38,796.1,-37.93,1481.5,310.9,67,2.155,4.061,0.0,69,0
cand00658,0.7169,0.811,898.9,-48.91,1636.3,369.9,65,1.19,1.696,0.857,83,1
cand00465,0.7163,0.827,898.5,-39.47,1677.6,356.0,66,1.07,1.688,0.857,87,0
cand01299,0.7162,0.754,919.9,-50.22,1740.7,440.1,70,1.039,2.53,0.667,94,1
cand00806,0.7161,0.177,964.1,-44.18,1824.0,354.5,71,4.792,9.544,0.0,81,0
cand00686,0.7158,0.71,648.8,-34.43,1152.3,247.7,48,1.215,5.969,0.857,55,0
cand00973,0.7148,0.67,647.8,-32.98,1247.3,270.0,48,1.358,6.911,0.857,59,0
cand00503,0.7146,0.155,939.8,-41.65,1784.8,342.8,65,5.022,10.818,0.0,81,0
cand01121,0.7142,0.025,1059.5,-49.90,1979.5,456.6,79,11.709,34.308,0.0,88,0
cand01052,0.7140,0.006,115.7,-4.78,214.9,35.7,11,30.308,65.311,0.0,6,0
cand01471,0.7137,,892.6,-39.04,1660.1,372.5,64,,,,76,0
cand01349,0.7135,,1078.1,-47.63,2051.3,427.7,70,,,,91,0
cand01655,0.7132,0.027,1001.7,-46.80,1910.0,397.7,71,8.857,35.501,0.0,93,0
cand00182,0.7127,0.811,665.9,-33.94,1279.3,275.6,55,0.89,3.753,0.857,60,0
cand02477,0.7126,0.794,1079.9,-44.24,2035.5,451.2,80,1.28,4.219,1.0,89,1
cand02276,0.7121,0.83,923.3,-45.09,1755.4,386.3,71,0.937,2.92,0.875,83,1
cand01738,0.7116,0.52,941.0,-40.00,1776.6,360.1,71,2.48,6.57,0.667,86,1
cand00549,0.7113,0.842,662.8,-35.97,1252.6,271.1,49,0.883,2.425,0.857,58,0
cand01590,0.7112,0.921,1110.5,-41.02,2031.7,398.2,78,0.76,1.535,1.0,100,1
cand01320,0.7108,0.914,1014.6,-50.79,1923.0,434.6,72,0.844,1.121,1.0,87,1
cand02025,0.7108,0.029,922.5,-50.44,1674.5,400.7,68,8.923,34.228,0.0,85,0
cand01248,0.7105,0.397,862.9,-40.87,1627.5,356.3,71,2.285,4.932,0.143,77,0
cand00231,0.7103,0.591,922.4,-39.15,1707.5,337.7,60,1.719,3.718,0.5,74,0
cand00437,0.7099,0.034,949.4,-47.40,1802.8,427.9,67,12.118,27.396,0.0,83,0
cand01677,0.7087,0.347,770.8,-34.15,1430.4,300.0,66,2.683,6.119,0.143,73,0
cand00268,0.7086,0.761,770.3,-45.85,1487.9,339.5,56,1.15,4.303,0.857,65,0
cand00355,0.7084,0.637,973.4,-41.57,1854.3,340.6,70,2.162,5.761,0.9,90,0
cand00172,0.7076,0.258,793.1,-32.46,1489.7,306.3,61,3.175,7.049,0.0,74,0
cand01739,0.7068,0.866,957.3,-45.69,1792.3,373.3,67,1.089,2.093,1.0,88,1
cand01642,0.7066,0.882,954.8,-48.99,1757.9,404.6,77,0.961,2.192,1.0,95,1
cand00270,0.7066,0.844,881.7,-34.17,1663.6,325.0,63,0.938,1.832,0.857,82,0
cand00321,0.7056,0.701,656.0,-32.39,1245.8,273.7,51,1.26,6.099,0.857,58,0
cand00713,0.7053,0.885,822.6,-42.23,1514.4,340.1,60,0.696,1.362,0.857,69,0
cand00922,0.7047,0.838,706.5,-37.50,1277.3,280.4,53,0.841,2.89,0.857,65,0
cand00320,0.7046,0.776,767.7,-31.55,1405.4,325.3,60,1.06,2.033,0.714,78,0
cand01781,0.7045,,895.6,-38.48,1651.7,371.5,62,,,,82,0
cand00139,0.7033,0.709,609.8,-32.52,1144.3,230.3,50,1.264,5.759,0.857,58,0
cand00765,0.7024,0.744,629.2,-37.51,1207.3,266.3,48,1.123,5.122,0.857,56,0
cand01770,0.7021,0.932,1117.2,-54.01,2072.6,494.3,76,0.708,1.269,1.0,102,1
cand01922,0.7021,0.926,1161.2,-47.78,2146.2,465.4,78,0.761,1.122,1.0,107,1
cand01779,0.7020,0.652,1005.0,-42.53,1899.1,435.4,78,1.249,2.2,0.429,94,1
cand02238,0.7020,0.383,873.7,-35.21,1677.5,314.1,68,3.024,6.696,0.333,78,0
cand02023,0.7016,,888.4,-41.15,1660.6,327.0,68,,,,81,0
cand01502,0.6998,0.708,1009.4,-49.25,1908.6,430.7,70,1.066,3.013,0.571,89,1
cand00850,0.6995,0.88,760.1,-38.27,1412.1,273.1,56,0.693,1.732,0.857,62,0
cand01920,0.6991,0.895,1007.2,-45.85,1947.1,475.1,78,0.657,0.863,0.857,92,1
cand00286,0.6987,0.863,755.0,-39.12,1387.9,282.4,57,0.738,2.399,0.857,73,0
cand02109,0.6984,0.795,888.6,-46.02,1635.1,381.1,70,0.917,2.084,0.714,89,1
cand02468,0.6984,0.916,994.5,-43.79,1862.9,395.8,65,0.751,1.963,1.0,88,1
cand02218,0.6976,0.654,954.7,-54.56,1832.0,449.0,69,1.716,4.056,0.714,96,1
cand01526,0.6972,0.745,832.2,-47.51,1627.0,386.3,67,0.821,3.353,0.6,75,1
cand01709,0.6964,0.879,893.4,-44.18,1713.9,364.6,65,1.025,1.82,1.0,83,1
cand00676,0.6961,0.571,851.3,-29.45,1593.2,334.1,63,1.908,3.827,0.5,66,0
cand02070,0.6951,0.787,1046.9,-56.22,1967.4,399.7,74,1.179,3.052,0.857,87,1
cand02248,0.6949,0.72,956.9,-40.97,1800.4,417.3,69,1.267,2.996,0.688,91,1
cand01943,0.6948,0.847,922.4,-43.52,1746.3,411.1,67,1.206,2.252,1.0,85,1
cand02184,0.6944,0.031,928.5,-42.65,1733.0,358.6,63,8.334,33.525,0.0,76,0
cand02050,0.6937,0.716,896.4,-42.54,1697.6,391.1,61,1.688,3.573,0.857,84,1
cand00313,0.6929,0.393,666.6,-29.78,1253.6,315.3,50,2.922,7.82,0.429,64,0
cand00248,0.6928,0.64,822.2,-41.01,1573.4,324.9,63,1.398,3.078,0.5,69,0
cand00414,0.6911,0.664,917.3,-42.11,1727.0,364.0,63,1.572,3.594,0.667,87,1
cand00413,0.6909,0.833,886.8,-31.38,1611.0,308.2,62,1.249,2.684,1.0,83,0
cand00001,0.6906,0.435,741.7,-37.76,1361.2,321.3,63,2.007,6.072,0.286,67,0
cand00309,0.6904,0.662,763.3,-30.63,1413.5,281.3,58,1.617,4.294,0.727,76,0
cand01469,0.6903,0.861,913.4,-42.51,1761.9,409.2,70,0.727,2.584,0.857,86,1
cand01993,0.6894,0.027,1062.5,-53.67,2016.3,445.9,74,9.254,35.15,0.0,96,0
cand02324,0.6894,0.672,990.3,-43.08,1865.9,417.7,71,1.367,3.661,0.625,89,1
cand01693,0.6891,0.88,1012.1,-51.51,1919.1,442.1,77,0.949,2.378,1.0,101,1
cand01729,0.6891,0.85,894.7,-46.76,1608.4,400.5,69,1.127,2.673,1.0,79,1
cand00502,0.6886,0.012,793.9,-29.05,1515.1,290.1,49,19.24,48.843,0.0,62,0
cand01391,0.6875,0.702,877.3,-42.03,1624.8,322.1,66,1.238,5.129,0.778,81,0
cand01735,0.6870,0.779,896.1,-47.86,1729.5,370.3,64,1.144,2.78,0.8,82,1
cand02172,0.6869,0.324,964.0,-45.61,1819.0,388.7,64,3.047,6.809,0.167,82,1
cand01174,0.6867,0.019,846.8,-41.55,1591.0,314.2,61,10.77,43.679,0.0,79,0
cand01724,0.6865,0.675,999.8,-59.39,1896.9,466.9,79,1.814,4.749,0.857,95,1
cand01802,0.6848,0.807,996.8,-49.53,1900.0,393.8,79,0.887,1.618,0.714,87,1
cand02354,0.6833,,682.2,-40.59,1300.8,323.5,55,,,,66,0
cand02374,0.6832,,819.9,-41.32,1520.5,360.3,56,,,,61,0
cand02463,0.6828,0.877,1041.2,-42.04,1968.8,398.3,61,0.982,2.337,1.0,89,1
cand01984,0.6812,0.031,1073.4,-52.90,2007.9,497.9,74,8.296,33.544,0.0,87,0
cand02202,0.6810,,960.8,-47.22,1796.5,399.7,78,,,,89,0
cand01697,0.6798,0.85,998.4,-56.27,1845.4,410.0,76,1.073,2.995,1.0,97,1
cand01712,0.6782,,865.3,-40.45,1593.3,329.2,66,,,,81,0
cand02159,0.6781,0.675,940.8,-54.89,1798.0,440.0,72,1.612,3.637,0.714,99,1
cand01733,0.6780,0.881,1050.0,-48.52,1977.7,450.5,71,0.884,2.831,1.0,89,1
cand01558,0.6773,0.734,943.1,-43.84,1762.0,396.9,77,1.316,2.464,0.714,86,1
cand02190,0.6773,,704.6,-38.27,1322.0,305.3,52,,,,61,0
cand02039,0.6771,0.818,948.7,-45.42,1816.4,405.1,69,1.1,2.032,0.857,87,1
cand02249,0.6771,0.349,784.8,-33.04,1457.4,287.3,63,2.433,6.546,0.143,77,0
cand02076,0.6770,0.689,860.3,-34.66,1604.6,342.9,66,1.325,4.351,0.714,86,0
cand00557,0.6769,0.849,981.9,-52.84,1887.9,449.9,79,1.049,2.107,0.933,108,1
cand02272,0.6765,0.724,1034.1,-45.34,1913.9,369.8,75,1.38,3.144,0.75,95,1
cand01335,0.6764,0.625,989.6,-36.73,1848.0,346.2,63,1.613,3.694,0.571,89,0
cand02243,0.6756,0.379,804.0,-47.99,1551.7,374.6,71,2.574,6.971,0.286,87,1
cand02304,0.6756,0.703,961.0,-44.10,1838.9,396.1,70,1.386,3.109,0.688,91,1
cand02179,0.6749,0.426,789.8,-43.53,1542.5,357.2,64,2.505,7.151,0.429,76,0
cand02148,0.6747,0.639,841.1,-38.51,1591.8,350.5,67,1.541,3.327,0.562,80,0
cand02222,0.6746,0.387,865.8,-46.89,1662.0,339.7,64,2.489,6.81,0.286,77,0
cand00054,0.6739,0.216,766.5,-31.43,1396.5,288.1,60,3.712,8.366,0.0,78,0
cand01346,0.6737,0.173,805.7,-33.95,1505.9,283.1,67,5.458,11.622,0.1,72,0
cand02207,0.6725,,793.7,-35.69,1483.8,325.6,62,,,,76,0
cand01324,0.6721,0.229,893.8,-39.80,1667.2,334.7,60,4.41,13.555,0.3,77,0
cand02437,0.6719,0.781,1008.6,-54.69,1872.2,507.1,78,0.905,3.437,0.75,95,1
cand00331,0.6714,0.768,834.8,-46.22,1591.7,348.6,59,1.078,4.402,0.857,72,0
cand01222,0.6711,0.638,1012.3,-58.66,1924.2,482.7,77,1.649,4.933,0.714,96,1
cand01686,0.6703,,919.3,-40.67,1755.5,361.2,64,,,,84,0
cand01857,0.6695,,923.8,-43.98,1758.7,366.9,71,,,,87,0
cand02149,0.6688,,868.1,-43.71,1629.8,338.8,62,,,,79,0
cand02345,0.6681,,624.2,-39.51,1118.7,307.7,53,,,,59,0
cand02298,0.6680,0.847,1073.2,-50.76,1993.1,442.2,76,0.882,2.115,0.857,92,1
cand01616,0.6674,,801.7,-42.24,1470.0,329.4,58,,,,74,0
cand00943,0.6666,0.605,959.4,-45.06,1774.5,379.9,72,1.614,3.542,0.5,87,1
cand02387,0.6658,0.832,1015.1,-50.26,1912.1,408.6,80,0.903,2.767,0.857,93,1
cand01867,0.6650,,934.4,-43.30,1770.0,358.9,69,,,,88,0
cand00807,0.6646,0.137,947.5,-39.58,1767.0,377.3,66,5.449,11.852,0.0,86,0
cand01293,0.6643,0.845,1028.4,-50.26,1920.9,402.5,81,0.757,2.186,0.8,100,1
cand01503,0.6639,0.809,1000.5,-46.84,1864.6,397.4,79,1.07,3.347,0.9,94,1
cand00870,0.6639,0.6,913.6,-39.24,1716.5,359.9,70,1.672,3.509,0.5,77,0
cand02401,0.6631,0.901,1096.4,-53.19,2043.1,472.6,79,0.802,2.4,1.0,111,1
cand02372,0.6629,,676.2,-30.11,1269.1,259.0,50,,,,58,0
cand02412,0.6623,0.826,1011.0,-57.92,1912.3,415.2,73,0.796,2.015,0.75,93,1
cand01786,0.6599,0.821,940.7,-46.47,1766.7,429.2,68,1.279,3.069,1.0,87,1
cand02155,0.6596,0.305,827.6,-40.60,1531.1,346.6,59,3.281,11.191,0.375,85,0
cand01961,0.6586,0.778,774.0,-46.89,1487.6,351.8,68,0.683,2.74,0.6,81,0
cand00163,0.6581,0.274,451.7,-7.36,833.5,123.0,36,4.384,9.479,0.273,39,0
cand01850,0.6572,,912.8,-44.60,1754.8,361.8,60,,,,76,0
cand02329,0.6569,0.926,1081.8,-47.57,2075.5,446.9,79,0.718,1.625,1.0,102,1
cand00924,0.6563,0.431,681.3,-32.12,1231.7,281.7,49,2.689,6.558,0.429,62,0
cand02054,0.6559,0.788,992.8,-41.19,1900.8,386.5,73,0.98,1.959,0.714,87,1
cand00436,0.6558,0.297,867.2,-44.70,1608.0,366.0,63,2.448,6.666,0.0,73,1
cand01070,0.6554,0.025,685.2,-27.29,1260.5,246.0,57,9.139,37.403,0.0,66,0
cand00014,0.6549,0.42,892.1,-26.47,1651.1,300.8,67,2.604,5.243,0.286,81,0
cand02088,0.6543,0.487,893.9,-38.37,1687.1,352.1,66,2.492,6.598,0.571,82,0
cand02259,0.6534,0.546,834.8,-40.15,1575.1,335.0,69,2.287,6.609,0.714,80,0
cand02122,0.6533,0.01,152.2,-8.56,276.1,46.1,15,16.101,58.085,0.0,8,0
cand01632,0.6530,0.765,1109.0,-50.60,2111.4,477.3,79,1.076,2.472,0.714,94,1
cand01840,0.6529,0.801,935.0,-37.49,1776.4,332.3,72,1.131,2.683,0.857,78,0
cand00944,0.6522,0.839,997.2,-40.31,1874.0,387.9,74,1.023,1.766,0.875,93,1
cand01871,0.6520,0.787,891.9,-47.81,1688.5,396.1,65,0.962,2.151,0.714,87,1
cand00634,0.6515,0.018,108.3,-4.54,203.3,25.6,13,17.998,38.229,0.0,4,0
cand01795,0.6504,,851.9,-37.84,1605.3,327.4,59,,,,74,0
cand00554,0.6503,0.675,910.0,-40.85,1680.8,348.3,57,1.457,3.672,0.667,81,0
cand02187,0.6502,,803.3,-40.86,1535.5,329.8,64,,,,76,0
cand01209,0.6498,0.027,691.5,-32.76,1279.4,260.4,57,13.907,31.191,0.0,63,0
cand02297,0.6495,0.72,901.8,-39.23,1769.2,373.2,70,1.295,2.861,0.688,85,0
cand00763,0.6477,0.745,623.3,-33.24,1175.8,246.7,48,1.115,5.114,0.857,57,0
cand02255,0.6476,0.811,985.6,-41.13,1810.2,364.7,72,1.117,2.597,0.875,89,1
cand02042,0.6469,0.859,1083.2,-60.64,2058.9,536.6,84,0.911,3.625,1.0,104,1
cand01950,0.6460,0.505,919.1,-43.87,1707.1,379.1,64,2.291,6.325,0.571,80,1
cand02150,0.6450,0.036,989.1,-42.64,1856.1,403.3,66,8.516,29.206,0.0,99,0
cand01170,0.6443,0.844,793.6,-48.08,1515.5,350.3,71,0.696,2.677,0.8,81,0
cand00694,0.6439,0.851,758.0,-42.22,1338.2,301.7,59,0.802,2.556,0.857,62,0
cand02306,0.6436,0.337,893.3,-36.91,1656.2,376.5,61,3.142,9.404,0.375,92,0
cand02363,0.6430,0.097,769.4,-36.83,1406.3,316.6,57,6.236,15.34,0.0,75,0
cand01117,0.6421,0.032,933.4,-50.27,1727.4,413.8,63,11.978,28.456,0.0,77,0
cand02241,0.6417,0.645,1045.4,-57.50,2001.8,466.6,77,1.44,4.393,0.625,100,1
cand02116,0.6417,0.633,918.2,-43.73,1718.5,396.6,70,1.804,4.557,0.714,84,1
cand02406,0.6407,0.78,962.6,-49.06,1876.8,435.4,76,1.001,2.237,0.714,88,1
cand02417,0.6405,0.109,733.5,-34.78,1358.4,301.4,57,9.768,23.26,0.188,65,0
cand01403,0.6401,0.855,919.0,-46.98,1748.2,389.4,64,1.145,2.301,1.0,82,1
cand00238,0.6385,0.641,861.8,-42.45,1636.0,390.2,61,1.566,4.554,0.667,82,1
cand02452,0.6383,0.095,750.5,-31.37,1388.0,270.2,54,9.025,21.808,0.125,61,0
cand02197,0.6373,0.032,827.9,-36.01,1558.7,320.7,64,7.952,32.886,0.0,74,0
cand01979,0.6369,0.727,831.9,-47.67,1572.9,366.7,72,0.944,3.364,0.6,80,1
cand00984,0.6357,0.71,916.2,-42.24,1684.1,326.9,64,1.274,4.611,0.778,81,0
cand01949,0.6347,0.814,854.0,-42.38,1626.7,402.2,69,1.365,2.905,1.0,86,1
cand02112,0.6320,0.903,919.0,-59.20,1784.6,449.5,80,0.801,2.315,1.0,93,1
cand02364,0.6310,0.11,750.1,-22.76,1374.3,251.3,52,9.686,23.023,0.188,65,0
cand02103,0.6308,0.728,916.8,-45.65,1726.9,379.5,69,1.692,3.017,0.857,95,1
cand02152,0.6284,,576.1,-29.53,1079.8,259.0,51,,,,51,0
cand02079,0.6279,0.301,805.4,-26.46,1492.8,260.9,62,3.953,8.633,0.286,75,0
cand01001,0.6259,,653.3,-28.06,1203.8,237.5,52,,,,61,0
cand01836,0.6253,0.875,948.2,-48.30,1754.1,386.0,70,0.988,2.356,1.0,81,1
cand01361,0.6249,0.029,462.0,-14.43,843.0,134.3,37,8.515,34.252,0.0,38,0
cand02438,0.6240,0.118,780.5,-34.85,1481.9,332.8,54,8.854,21.235,0.188,66,0
cand01484,0.6240,0.049,711.3,-27.09,1301.0,261.7,58,7.634,24.166,0.0,68,0
cand00882,0.6237,0.065,756.6,-34.56,1401.7,323.8,70,6.369,20.927,0.0,76,0
cand02160,0.6228,,868.9,-45.29,1619.0,342.1,70,,,,82,0
cand01415,0.6210,0.021,610.6,-23.62,1098.7,210.0,49,13.758,36.987,0.0,55,0
cand01948,0.6183,0.871,945.3,-39.49,1804.2,367.9,80,0.764,1.699,0.857,89,0
cand02279,0.6181,0.096,854.8,-41.64,1613.5,347.8,56,8.908,21.532,0.125,67,0
cand02373,0.6160,,678.6,-30.08,1232.2,285.0,55,,,,72,0
cand00045,0.6156,0.014,141.1,-3.88,244.2,35.0,8,20.733,43.308,0.0,7,0
cand01064,0.6153,0.844,941.8,-41.68,1784.5,379.7,63,1.007,1.54,0.875,78,1
cand01719,0.6149,,965.7,-43.26,1860.3,408.3,72,,,,88,0
cand00044,0.6144,0.153,749.1,-37.57,1411.7,321.3,60,7.877,16.886,0.222,75,0
cand00151,0.6144,0.031,66.1,-0.84,98.5,12.4,3,12.058,29.19,0.0,3,0
cand02261,0.6100,0.238,707.7,-48.22,1332.5,342.7,65,3.42,10.198,0.143,72,0
cand01725,0.6091,0.353,997.8,-46.53,1920.4,382.2,70,3.011,7.522,0.3,95,1
cand00338,0.6075,0.037,624.6,-26.66,1143.9,199.5,45,10.905,26.813,0.0,43,0
cand02036,0.6049,0.589,883.9,-41.84,1702.2,411.6,68,1.541,3.527,0.429,90,1
cand01495,0.6025,,918.2,-35.94,1777.1,378.2,66,,,,81,0
cand01609,0.6023,0.028,764.3,-35.92,1395.1,288.8,52,11.796,31.266,0.0,65,0
cand01148,0.6003,0.878,1025.3,-49.45,1940.1,428.0,74,0.751,1.28,0.857,90,1
cand02423,0.5998,0.132,830.5,-39.70,1535.0,343.9,51,7.419,18.921,0.188,73,0
cand00496,0.5982,0.688,974.7,-45.12,1832.1,404.6,66,1.192,1.903,0.5,86,0
cand00548,0.5976,0.3,812.1,-38.28,1450.0,289.9,62,3.173,7.673,0.167,69,0
cand02028,0.5953,0.65,889.7,-43.40,1713.6,392.9,70,1.818,3.843,0.714,94,0
cand00708,0.5943,0.548,778.0,-38.96,1441.9,316.1,68,1.939,6.883,0.667,75,0
cand01375,0.5941,0.818,1075.8,-55.03,2014.3,471.2,74,0.842,1.236,0.714,104,0
cand02264,0.5934,0.317,777.2,-39.79,1490.8,328.0,65,2.628,7.497,0.143,73,0
cand02458,0.5915,0.109,694.5,-26.51,1322.4,319.7,46,8.055,18.849,0.125,62,0
cand01493,0.5909,0.793,936.0,-48.58,1765.2,412.0,71,1.053,1.764,0.75,87,0
cand00734,0.5908,0.043,410.8,-18.47,793.0,155.6,41,13.587,23.196,0.0,39,0
cand02077,0.5879,0.034,319.3,-15.92,577.2,138.3,33,11.376,27.749,0.0,28,0
cand01428,0.5858,0.641,696.1,-43.68,1347.2,327.4,62,0.967,2.57,0.3,74,0
cand02024,0.5844,0.841,979.4,-44.73,1841.7,402.5,78,1.053,3.547,1.0,87,0
cand01441,0.5831,0.712,951.9,-46.61,1797.8,440.3,69,1.27,3.725,0.714,91,0
cand00199,0.5824,0.076,671.4,-32.74,1267.4,274.1,52,11.447,24.14,0.1,64,0
cand01741,0.5820,0.337,834.8,-34.00,1574.7,287.0,65,2.419,5.127,0.0,77,0
cand01821,0.5807,,883.0,-37.82,1677.1,319.4,63,,,,78,0
cand01826,0.5805,0.83,1079.2,-43.69,2034.3,420.4,75,0.752,1.275,0.714,98,0
cand01183,0.5774,0.78,1022.7,-55.04,1924.6,468.5,80,0.935,2.73,0.714,96,0
cand02086,0.5774,0.874,909.5,-46.10,1721.0,400.7,70,0.773,1.362,0.857,89,0
cand02061,0.5759,0.028,979.1,-50.73,1813.7,410.3,72,8.763,35.003,0.0,86,0
cand01325,0.5759,0.021,636.6,-25.90,1197.5,247.9,43,16.376,34.884,0.0,50,0
cand00639,0.5756,0.264,860.1,-30.67,1662.4,363.0,66,5.023,12.0,0.375,77,0
cand02231,0.5723,,943.0,-47.11,1781.6,402.8,67,,,,87,0
cand01128,0.5722,,761.0,-33.03,1381.9,288.1,58,,,,76,0
cand00963,0.5709,0.108,730.9,-40.66,1383.4,339.9,50,5.861,14.256,0.0,58,0
cand02382,0.5704,,737.3,-35.05,1369.7,297.1,54,,,,57,0
cand02340,0.5680,0.122,738.3,-38.32,1392.8,316.3,54,8.544,20.411,0.188,65,0
cand01705,0.5677,0.117,890.2,-43.14,1674.7,368.0,65,4.153,15.346,0.0,89,0
cand01487,0.5670,0.668,990.6,-43.43,1833.3,347.5,64,1.09,4.329,0.556,84,0
cand02107,0.5665,0.016,496.9,-17.21,922.1,200.3,40,13.503,43.313,0.0,43,0
cand01684,0.5656,,897.3,-37.23,1693.1,361.5,65,,,,77,0
cand02425,0.5638,0.136,758.7,-34.63,1383.4,283.3,51,7.423,18.095,0.188,70,0
cand02447,0.5634,0.644,998.0,-53.85,1858.6,435.3,77,1.168,4.121,0.5,93,0
cand02290,0.5633,,631.8,-29.59,1177.5,292.1,53,,,,66,0
cand01384,0.5623,0.328,811.1,-34.30,1551.5,337.1,65,2.533,5.242,0.0,79,0
cand00873,0.5606,0.851,673.7,-35.25,1252.5,275.9,54,0.776,2.743,0.857,66,0
cand01058,0.5598,0.54,856.7,-34.95,1596.4,325.4,63,1.459,4.626,0.333,70,0
cand02424,0.5597,0.84,877.6,-42.86,1619.6,328.6,62,1.072,3.451,1.0,71,0
cand01999,0.5595,0.852,1061.9,-56.24,2070.9,493.3,85,0.766,2.724,0.857,96,0
cand02333,0.5587,0.01,331.4,294.06,592.5,100.7,17,23.653,51.805,0.0,23,0
cand00233,0.5582,0.015,848.9,8745.90,1598.6,298.8,57,14.89,45.155,0.0,86,0
cand02144,0.5561,,830.2,-34.42,1534.6,276.6,67,,,,74,0
cand01145,0.5557,0.079,954.7,-47.21,1806.8,383.5,71,7.479,25.574,0.1,89,0
cand02220,0.5550,,880.0,-42.51,1688.5,338.9,67,,,,88,0
cand00857,0.5514,0.331,798.9,-22.45,1447.9,265.6,61,2.816,8.145,0.25,72,0
cand01454,0.5497,0.432,896.7,-47.58,1682.5,387.9,72,2.88,12.847,0.778,80,0
cand01353,0.5489,0.023,973.5,-36.68,1804.9,382.4,66,9.459,39.558,0.0,85,0
cand01402,0.5471,0.032,447.7,-17.18,868.0,158.9,32,13.975,28.134,0.0,34,0
cand02072,0.5464,0.53,942.9,-49.23,1755.0,417.3,68,2.568,6.619,0.714,84,0
cand02111,0.5440,,683.6,-24.13,1253.3,222.5,42,,,,54,0
cand00692,0.5434,0.014,311.1,-6.97,557.5,86.1,23,22.842,42.273,0.0,21,0
cand00593,0.5417,0.044,880.7,-42.19,1692.1,360.3,62,13.617,23.111,0.0,74,0
cand00715,0.5413,0.605,890.6,-47.77,1692.1,373.2,71,1.827,4.082,0.6,85,0
cand00927,0.5401,0.166,702.1,-28.87,1268.0,247.4,51,5.55,12.827,0.125,60,0
cand00473,0.5384,,856.5,-43.46,1550.5,370.0,67,,,,93,0
cand01915,0.5365,0.518,887.1,-48.55,1703.0,415.1,70,1.872,5.107,0.429,79,0
cand01618,0.5358,0.418,913.2,-36.17,1692.3,327.2,67,2.869,6.391,0.4,84,0
cand00790,0.5342,0.892,874.0,-36.32,1683.0,396.2,67,0.878,2.305,1.0,85,0
cand01716,0.5321,0.873,1019.7,-47.39,1863.0,419.3,77,0.797,1.176,0.857,90,0
cand02384,0.5296,0.133,847.5,-46.35,1566.6,356.5,53,7.322,18.796,0.188,77,0
cand02394,0.5284,0.554,845.1,-44.27,1572.4,331.3,71,1.815,4.817,0.5,74,0
cand01160,0.5265,0.364,929.3,-49.78,1755.4,413.2,73,3.417,7.605,0.375,96,0
cand02426,0.5263,0.864,885.3,-36.81,1644.7,354.0,62,1.01,2.758,1.0,78,0
cand02163,0.5245,0.918,1113.3,-58.25,2144.7,462.1,77,0.747,1.864,1.0,100,0
cand00222,0.5236,0.025,362.8,-12.18,650.6,120.5,31,9.453,37.105,0.0,27,0
cand00784,0.5233,0.278,731.9,-27.92,1369.2,300.3,67,3.268,12.238,0.333,70,0
cand02294,0.5229,0.866,1081.0,-55.52,2116.3,528.8,80,1.069,2.25,1.0,107,0
cand02166,0.5227,0.703,904.9,-40.83,1727.4,350.6,69,1.383,3.523,0.714,87,0
cand01301,0.5107,0.015,716.4,-31.65,1339.1,279.9,54,13.09,46.202,0.0,59,0
cand00207,0.5101,0.519,901.4,-35.45,1681.3,344.5,63,2.395,4.568,0.5,83,0
cand01837,0.5096,0.639,938.4,-54.60,1731.5,411.0,67,2.091,5.317,0.857,87,0
cand00780,0.5087,0.659,846.9,-37.50,1602.6,306.4,63,1.541,3.921,0.667,73,0
cand01211,0.5049,0.371,927.8,-40.96,1707.7,332.4,68,2.822,11.943,0.556,80,0
cand01577,0.5048,0.652,867.9,-40.47,1622.5,316.2,64,1.383,4.916,0.667,75,0
cand01843,0.5023,0.847,913.1,-44.03,1718.0,374.9,72,1.183,2.435,1.0,96,0
cand00386,0.5010,0.456,893.0,-45.21,1702.5,357.4,64,2.647,6.588,0.5,89,0
cand00751,0.4999,0.071,878.5,-38.25,1646.7,311.6,65,8.343,17.954,0.0,66,0
cand01298,0.4996,0.027,652.1,-36.42,1222.8,268.1,59,13.802,31.108,0.0,63,0
cand00157,0.4996,0.04,545.8,1098.66,1031.9,210.0,39,9.317,26.228,0.0,54,0
cand01957,0.4985,0.302,876.4,-40.27,1657.8,360.4,58,4.162,17.413,0.6,73,0
cand01888,0.4978,0.787,1143.0,-62.19,2148.7,495.1,82,1.317,2.138,0.857,104,0
cand00681,0.4967,0.048,707.1,-38.06,1357.2,300.6,52,8.645,23.595,0.0,61,0
cand02257,0.4957,,664.6,-28.41,1242.0,275.8,57,,,,61,0
cand00573,0.4948,0.581,771.9,-38.45,1477.8,314.9,66,1.814,5.946,0.667,79,0
cand02439,0.4938,0.126,783.2,-31.31,1493.7,303.4,54,8.113,19.604,0.188,63,0
cand02415,0.4926,0.117,828.0,-33.02,1543.9,342.1,56,8.909,21.513,0.188,66,0
cand01638,0.4880,0.688,982.2,-48.70,1794.1,423.1,69,1.353,4.269,0.714,95,0
cand02327,0.4873,0.026,1013.3,-45.29,1912.6,399.8,78,13.182,31.897,0.0,103,0
cand02114,0.4872,0.334,797.7,-38.52,1507.3,328.6,62,4.487,16.941,0.7,72,0
cand01011,0.4868,0.75,782.9,-36.00,1441.2,323.2,65,1.699,4.079,1.0,75,0
cand00957,0.4862,0.7,875.6,-35.81,1570.7,339.8,67,1.212,2.899,0.6,81,0
cand00915,0.4832,0.816,748.1,-36.17,1370.6,295.4,52,0.992,2.906,0.857,67,0
cand02180,0.4822,0.026,924.8,-33.88,1744.3,343.8,60,9.906,35.167,0.0,78,0
cand00244,0.4815,0.448,904.0,-34.31,1708.3,356.9,73,2.78,5.681,0.429,82,0
cand01312,0.4784,0.02,956.5,-48.37,1775.9,414.9,64,9.925,42.22,0.0,89,0
cand02206,0.4757,,892.9,-38.07,1655.4,336.7,68,,,,83,0
cand02469,0.4748,0.877,1016.4,-41.98,1880.0,406.9,68,0.864,3.142,1.0,87,0
cand00757,0.4746,0.74,826.7,-35.26,1560.2,296.1,64,1.182,2.237,0.667,75,0
cand00486,0.4742,0.857,961.1,-48.61,1815.7,433.6,81,0.817,1.562,0.833,100,0
cand02462,0.4653,0.062,795.3,-39.17,1493.4,299.1,50,8.232,19.867,0.0,73,0
cand01161,0.4646,0.034,745.5,-39.28,1390.2,272.0,51,11.958,27.738,0.0,61,0
cand00843,0.4635,0.798,694.7,-34.36,1324.0,270.7,53,0.872,2.298,0.714,62,0
cand00738,0.4612,0.053,766.7,-33.42,1414.7,307.2,70,10.672,21.106,0.0,71,0
cand01110,0.4596,0.05,867.6,-38.51,1639.5,310.6,68,14.292,21.186,0.0,72,0
cand01501,0.4593,0.829,972.1,-46.55,1808.5,383.8,74,0.729,3.175,0.8,97,0
cand00450,0.4586,0.202,906.7,-37.86,1677.6,308.7,63,4.726,11.063,0.143,79,0
cand02035,0.4580,0.478,930.4,-44.23,1722.4,385.5,72,2.363,7.313,0.571,81,0
cand01090,0.4551,,739.3,-32.00,1381.6,272.3,57,,,,69,0
cand00707,0.4511,0.131,866.1,-40.81,1623.0,344.7,60,5.575,12.241,0.0,82,0
cand01228,0.4482,0.046,959.5,-49.48,1819.1,437.1,70,13.534,22.296,0.0,82,0
cand02302,0.4448,0.262,731.6,-40.64,1371.4,312.7,64,3.033,9.443,0.143,68,0
cand01519,0.4437,0.805,929.8,-45.43,1724.8,353.9,68,0.941,4.273,0.9,90,0
cand01516,0.4420,0.391,973.4,-44.14,1827.9,367.3,69,2.717,10.788,0.556,81,0
cand01720,0.4401,0.05,816.8,-33.84,1479.9,277.6,55,6.878,24.913,0.0,65,0
cand02281,0.4386,0.761,963.9,-45.29,1834.2,416.3,71,1.073,3.261,0.75,92,0
cand02226,0.4358,0.294,853.6,-53.00,1613.4,409.2,70,2.785,8.284,0.143,91,0
cand00346,0.4356,0.325,843.1,-34.87,1528.0,275.4,68,3.015,6.45,0.143,78,0
cand02235,0.4340,0.474,800.3,-38.43,1557.6,329.2,64,2.205,5.869,0.429,74,0
cand01237,0.4299,0.872,1099.6,-51.96,2095.7,439.0,77,0.785,1.388,0.857,101,0
cand01045,0.4298,0.132,819.6,-40.06,1558.5,339.4,69,4.797,12.78,0.0,76,0
cand00227,0.4258,0.675,989.6,-47.85,1854.8,429.3,68,1.256,2.186,0.5,87,0
cand01499,0.4199,0.025,883.8,-37.65,1637.8,333.3,65,8.829,37.855,0.0,73,0
cand02456,0.4170,0.132,777.6,-31.88,1427.2,275.0,51,7.804,18.572,0.188,62,0
cand00452,0.4158,0.2,660.5,-26.14,1233.6,228.5,45,3.116,10.138,0.0,53,0
cand02339,0.4154,0.048,818.6,-35.73,1475.9,324.5,58,7.73,24.449,0.0,76,0
cand02335,0.4145,0.063,765.5,-22.60,1400.4,236.5,49,8.283,19.745,0.0,58,0
cand00508,0.4134,0.623,803.3,-39.34,1435.5,300.0,59,1.406,3.735,0.5,66,0
cand00588,0.4092,0.9,923.0,-45.36,1749.8,378.7,73,0.649,1.81,0.9,91,0
cand01358,0.4007,0.062,775.4,-35.39,1410.8,286.5,52,8.852,33.78,0.1,71,0
cand01155,0.3958,0.072,820.6,-36.56,1520.5,289.6,64,8.299,17.916,0.0,73,0
cand01758,0.3914,0.02,844.1,-33.33,1592.4,306.8,64,13.561,37.714,0.0,85,0
cand01214,0.3905,0.025,843.2,-43.34,1591.4,351.2,58,9.594,37.114,0.0,73,0
cand02097,0.3885,0.671,819.7,-43.10,1562.0,364.2,68,1.45,4.507,0.714,86,0
cand00021,0.3883,0.034,562.2,-19.77,1059.8,198.9,42,13.67,26.904,0.0,45,0
cand00970,0.3879,0.059,573.3,-20.60,1037.9,219.7,49,7.705,20.949,0.0,54,0
cand00913,0.3839,0.392,783.9,-41.00,1452.4,309.8,74,3.125,7.086,0.4,83,0
cand01778,0.3812,0.847,952.4,-45.53,1777.5,414.2,70,0.982,1.617,0.875,84,0
cand02393,0.3810,0.81,950.1,-49.67,1795.1,389.5,85,0.809,2.098,0.714,95,0
cand00020,0.3772,0.034,808.0,-35.45,1483.8,274.6,64,14.378,26.728,0.0,68,0
cand02065,0.3764,0.626,950.7,-37.55,1755.0,368.4,66,1.458,4.368,0.571,89,0
cand02204,0.3706,0.122,781.3,-40.24,1462.0,306.5,57,8.302,20.595,0.188,71,0
cand00517,0.3685,0.681,836.1,-28.29,1535.2,285.7,69,1.227,3.245,0.571,72,0
cand02031,0.3680,0.72,841.8,-40.41,1578.2,324.2,64,1.366,2.626,0.7,80,0
cand01682,0.3659,,907.1,-41.35,1682.9,354.4,65,,,,84,0
cand01457,0.3621,0.582,794.1,-33.02,1495.5,320.2,58,2.134,5.531,0.714,70,0
cand02376,0.3605,0.129,968.0,-48.67,1755.6,409.0,58,7.518,19.316,0.188,82,0
cand00013,0.3596,0.562,766.6,-38.43,1438.3,314.4,65,2.167,6.455,0.727,74,0
cand02045,0.3550,0.029,904.5,-53.92,1695.8,430.3,66,15.803,29.056,0.0,84,0
cand01614,0.3526,,893.6,-40.39,1686.9,315.6,62,,,,85,0
cand01192,0.3511,0.732,854.0,-39.76,1609.1,315.0,71,1.316,3.854,0.8,76,0
cand02404,0.3506,0.091,687.8,-34.38,1254.8,284.6,56,6.208,16.141,0.0,59,0
cand00887,0.3496,0.394,832.2,-35.70,1544.3,306.7,69,3.146,6.62,0.375,80,0
cand00865,0.3467,0.674,617.9,-33.37,1184.4,259.1,48,1.613,5.556,0.857,57,0
cand02027,0.3465,0.635,841.8,-42.41,1581.4,342.3,67,1.658,3.083,0.571,89,0
cand01075,0.3424,0.236,855.3,-32.23,1596.2,283.1,58,3.828,9.724,0.143,72,0
cand00277,0.3393,0.038,609.8,-29.00,1102.3,229.2,48,11.898,25.625,0.0,61,0
cand02292,0.3365,0.24,831.8,-31.74,1567.9,297.3,61,3.597,9.468,0.125,65,0
cand00571,0.3351,,705.9,-29.19,1306.5,241.2,56,,,,59,0
cand01925,0.3345,0.482,829.7,-36.06,1578.0,289.9,67,2.251,5.054,0.4,75,0
cand00778,0.3308,0.063,791.7,-24.89,1472.9,227.9,55,8.558,19.574,0.0,62,0
cand02280,0.3281,0.878,1054.4,-46.16,2008.8,427.1,77,0.936,2.593,1.0,94,0
cand01810,0.3260,0.705,825.7,-40.34,1562.5,340.9,65,1.295,2.078,0.6,78,0
cand01279,0.3203,0.042,924.2,-43.69,1716.7,363.2,68,13.739,23.788,0.0,79,0
cand00531,0.3169,0.051,495.6,-17.28,929.4,151.4,47,9.459,22.07,0.0,48,0
cand01491,0.3138,0.03,594.3,-25.60,1098.8,207.7,41,14.435,28.744,0.0,50,0
cand01038,0.3127,0.022,481.3,-18.36,905.4,129.8,30,9.488,41.497,0.0,41,0
cand00670,0.3071,0.041,811.1,-29.75,1481.3,269.5,61,12.23,24.48,0.0,73,0
cand00820,0.3066,0.078,585.7,-24.34,1102.1,191.8,48,5.824,18.573,0.0,62,0
cand01919,0.3047,0.721,895.1,-43.87,1629.6,384.1,65,1.308,3.133,0.714,77,0
cand02464,0.3019,0.839,826.4,-35.93,1525.8,349.9,67,1.013,1.819,0.875,81,0
cand02194,0.3017,0.182,766.2,-34.40,1436.1,325.6,64,4.577,12.248,0.125,73,0
cand01439,0.3004,0.349,1001.9,-47.69,1908.0,394.0,77,3.19,9.111,0.4,97,0
cand01129,0.2984,0.491,683.9,-35.86,1279.2,264.2,57,2.744,7.269,0.667,65,0
cand02448,0.2980,0.09,731.8,-29.14,1362.2,274.5,54,7.706,18.766,0.062,61,0
cand02017,0.2974,0.793,1002.8,-46.06,1898.0,393.8,78,0.885,2.456,0.714,90,0
cand00590,0.2939,0.041,818.1,-42.52,1532.6,345.2,69,11.694,24.69,0.0,81,0
cand01180,0.2934,0.176,823.0,-41.12,1505.0,349.4,67,3.855,10.488,0.0,80,0
cand01242,0.2918,0.832,958.9,-43.74,1826.6,395.9,71,0.897,1.737,0.8,94,0
cand02357,0.2916,0.108,714.1,-30.33,1362.2,285.8,49,7.719,19.214,0.125,63,0
cand01430,0.2899,0.32,780.4,-33.89,1451.3,273.8,59,2.641,7.35,0.143,66,0
cand01567,0.2888,0.103,1135.8,-60.78,2118.5,448.0,73,6.067,20.176,0.1,103,0
cand02258,0.2865,0.581,899.9,-38.86,1668.4,332.9,65,1.511,3.254,0.375,76,0
cand00931,0.2863,0.811,724.4,-34.91,1400.5,276.7,57,0.966,3.314,0.857,58,0
cand00906,0.2765,0.345,854.6,-35.66,1606.1,321.1,67,3.762,8.114,0.375,78,0
cand00834,0.2754,0.104,850.8,-23.02,1564.7,285.6,60,7.11,14.024,0.0,84,0
cand01111,0.2736,,706.5,-25.70,1304.2,249.5,51,,,,59,0
cand01543,0.2687,0.766,943.2,-49.50,1764.1,426.6,73,0.908,3.552,0.714,87,0
cand01246,0.2671,0.027,758.7,-45.87,1463.4,327.6,67,13.57,31.514,0.0,84,0
cand02398,0.2658,0.09,719.3,-25.54,1329.8,299.6,53,7.709,18.706,0.062,65,0
cand00271,0.2654,0.244,512.3,-18.60,936.3,150.5,46,3.73,7.054,0.0,40,0
cand00801,0.2620,0.063,911.3,-40.31,1739.5,387.7,60,6.477,21.181,0.0,78,0
cand02004,0.2575,0.531,848.5,-35.10,1589.2,381.9,64,1.822,4.781,0.429,86,0
cand01489,0.2572,0.09,852.7,-34.27,1566.3,289.3,68,6.448,23.031,0.1,77,0
cand01841,0.2554,0.162,939.4,-50.00,1819.5,440.2,74,3.847,11.482,0.0,101,0
cand00272,0.2537,0.295,737.2,-36.44,1367.9,311.0,62,3.988,10.478,0.364,75,0
cand01942,0.2535,0.214,860.0,-33.38,1539.5,300.9,64,3.343,8.946,0.0,87,0
cand00405,0.2521,0.438,724.9,-27.05,1350.6,296.0,51,2.625,7.405,0.5,68,0
cand00389,0.2504,0.112,525.7,-13.65,970.1,140.7,43,6.527,20.73,0.143,41,0
cand02105,0.2489,0.362,1022.7,-46.97,1874.3,413.9,78,2.844,9.595,0.429,100,0
cand00033,0.2486,0.429,953.2,-37.91,1825.4,353.6,74,2.971,6.544,0.455,90,0
cand02314,0.2467,0.357,900.9,-43.71,1694.7,366.2,71,2.79,6.985,0.25,94,0
cand02459,0.2447,0.085,744.1,-33.35,1383.7,281.0,48,8.197,19.414,0.062,65,0
cand01343,0.2438,0.027,481.6,-8.31,891.1,111.9,34,8.788,36.382,0.0,38,0
cand02413,0.2422,0.127,814.1,-40.15,1496.2,330.4,55,7.759,19.747,0.188,67,0
cand00328,0.2387,0.736,765.7,-32.68,1494.7,295.8,56,1.132,5.378,0.857,67,0
cand00630,0.2387,0.047,759.6,-31.14,1421.4,287.1,58,11.19,22.57,0.0,68,0
cand00727,0.2382,,679.0,-27.63,1286.1,235.5,55,,,,68,0
cand00433,0.2346,0.043,721.4,-28.41,1392.6,254.9,53,10.55,24.343,0.0,59,0
cand01634,0.2325,0.038,925.9,-40.90,1738.6,349.2,66,7.788,29.425,0.0,87,0
cand00303,0.2304,0.158,1023.4,-37.45,1900.1,352.5,68,4.677,10.807,0.0,92,0
cand02379,0.2279,0.056,924.1,-40.83,1740.6,386.3,67,13.98,30.529,0.083,83,0
cand01147,0.2265,0.021,917.8,-46.56,1699.5,348.0,61,14.362,36.281,0.0,72,0
cand02106,0.2227,0.016,588.9,-10.89,1044.5,221.0,38,12.993,44.611,0.0,38,0
cand02073,0.2211,0.054,731.1,-25.08,1383.8,257.7,55,11.122,20.674,0.0,63,0
cand01586,0.2210,0.021,740.7,-33.08,1411.9,274.5,64,13.953,35.955,0.0,68,0
cand00903,0.2206,0.073,602.1,-25.65,1124.1,186.5,48,7.497,18.062,0.0,43,0
cand02427,0.2204,0.772,1026.4,-44.86,1940.8,384.3,72,1.352,4.719,1.0,90,0
cand00792,0.2185,0.016,57.8,11.35,100.6,13.9,3,16.396,42.202,0.0,2,0
cand00324,0.2131,0.289,763.4,-20.57,1393.6,219.1,54,3.498,9.151,0.25,71,0
cand02164,0.2123,0.775,831.7,-40.38,1600.2,332.0,71,1.058,2.117,0.714,77,0
cand02254,0.2115,,651.8,-29.00,1205.4,245.9,53,,,,64,0
cand00042,0.2100,0.54,817.5,-28.93,1532.3,314.2,65,1.976,3.92,0.429,75,0
cand00562,0.2064,0.04,845.6,-37.61,1607.8,363.7,57,11.506,24.864,0.0,74,0
cand02183,0.2061,0.016,1057.0,-48.13,1967.3,354.4,79,13.044,44.265,0.0,95,0
cand02334,0.2060,0.028,809.8,-32.01,1484.3,277.3,55,11.141,31.875,0.0,70,0
cand02168,0.2054,0.369,899.8,-36.46,1645.4,293.2,62,2.771,6.506,0.25,82,0
cand00796,0.2027,0.038,579.9,-29.64,1119.9,279.5,43,12.458,25.386,0.0,49,0
cand01355,0.2015,0.522,763.7,-28.07,1437.5,302.5,60,2.214,4.891,0.5,74,0
cand01793,0.2014,0.05,812.5,-32.39,1542.8,276.8,67,14.379,21.007,0.0,74,0
cand01212,0.2009,0.173,749.1,-30.33,1412.2,338.5,56,4.264,10.247,0.0,73,0
cand01085,0.2007,0.06,739.1,-24.58,1399.1,224.2,63,10.873,19.447,0.0,70,0
cand02078,0.1957,0.711,1062.0,-51.76,2039.8,449.9,81,1.223,4.027,0.714,105,0
cand00016,0.1956,0.61,925.8,-46.87,1746.4,409.9,64,1.513,3.779,0.5,93,0
cand01835,0.1945,,823.7,-41.51,1538.1,339.6,65,,,,82,0
cand00892,0.1943,0.218,577.8,-17.04,1044.7,183.5,45,3.933,8.06,0.0,45,0
cand00933,0.1938,0.436,787.4,-44.07,1509.1,307.9,64,2.271,5.936,0.333,71,0
cand00086,0.1928,0.064,687.9,-30.70,1287.4,259.6,65,8.776,19.249,0.0,79,0
cand01177,0.1892,0.059,743.0,-26.25,1416.0,239.1,47,9.157,41.209,0.111,62,0
cand00214,0.1888,0.166,910.5,-35.83,1672.8,292.8,59,4.788,10.255,0.0,68,0
cand00919,0.1885,0.794,775.7,-36.73,1410.7,292.6,61,1.036,1.835,0.75,70,0
cand01294,0.1879,0.023,809.3,-32.80,1537.6,290.1,63,12.608,35.465,0.0,71,0
cand00696,0.1843,0.272,812.7,-28.07,1557.4,282.0,56,3.114,6.56,0.0,62,0
cand01797,0.1819,0.018,956.1,-46.75,1804.9,391.0,68,11.55,42.797,0.0,88,0
cand01362,0.1794,,978.9,-46.33,1881.8,397.6,68,,,,87,0
cand02391,0.1776,0.125,649.5,-24.61,1205.0,221.4,50,8.204,19.774,0.188,56,0
cand01629,0.1772,0.092,862.2,-38.16,1620.3,304.6,60,6.336,22.648,0.1,76,0
cand02420,0.1746,0.067,677.6,-31.09,1261.2,262.3,51,7.884,19.075,0.0,57,0
cand00976,0.1738,0.037,737.5,-34.19,1337.3,273.4,56,12.746,25.854,0.0,73,0
cand01827,0.1731,0.526,837.0,-37.65,1584.4,330.3,66,2.039,6.163,0.571,78,0
cand02096,0.1729,0.054,559.5,-21.17,1083.3,227.9,43,6.846,23.431,0.0,46,0
cand02445,0.1715,0.065,821.4,-34.63,1492.9,290.2,51,8.03,19.434,0.0,62,0
cand00653,0.1707,0.036,647.8,-18.97,1246.9,218.1,57,13.385,26.312,0.0,60,0
cand01477,0.1702,0.508,862.2,-33.01,1539.1,275.3,67,2.182,8.452,0.7,77,0
cand02083,0.1676,0.369,961.2,-32.87,1752.7,350.6,69,2.983,8.929,0.429,81,0
cand02230,0.1666,0.385,791.7,-40.06,1493.0,289.9,65,2.146,4.703,0.062,77,0
cand01727,0.1663,0.364,675.3,-32.27,1267.2,260.3,60,3.618,7.375,0.375,64,0
cand01964,0.1644,0.018,825.7,-32.38,1594.0,292.5,67,12.751,42.183,0.0,71,0
cand00304,0.1640,,619.2,-27.02,1157.2,186.1,49,,,,57,0
cand02063,0.1625,0.021,797.8,-32.29,1489.5,268.9,59,13.756,37.076,0.0,79,0
cand01505,0.1597,0.018,779.5,-28.92,1459.2,310.4,66,12.841,40.954,0.0,69,0
cand00928,0.1596,0.576,767.0,-38.22,1455.6,327.6,65,1.863,6.003,0.667,77,0
cand02467,0.1575,0.14,716.7,-27.60,1315.6,267.3,50,6.498,14.954,0.125,61,0
cand01146,0.1528,,618.2,-22.21,1110.3,201.7,54,,,,46,0
cand00359,0.1502,0.041,813.6,-36.42,1540.8,313.7,59,11.836,24.46,0.0,76,0
cand02128,0.1489,0.309,785.6,-31.05,1442.3,289.9,59,3.183,7.27,0.167,65,0
cand00085,0.1461,0.419,675.8,-29.06,1292.0,270.6,45,2.703,7.052,0.429,55,0
cand02265,0.1445,0.161,712.9,-24.72,1289.9,236.6,50,6.568,14.91,0.188,60,0
cand02416,0.1425,0.095,865.1,-40.56,1590.4,339.5,53,7.173,18.034,0.062,67,0
cand01627,0.1423,,812.8,-35.47,1553.6,294.4,62,,,,73,0
cand01120,0.1406,0.801,943.3,-45.10,1786.4,377.7,66,0.787,2.526,0.7,92,0
cand01594,0.1385,,820.8,-36.37,1531.0,302.3,68,,,,80,0
cand00127,0.1348,0.315,805.7,-32.90,1479.3,285.6,54,4.266,9.002,0.364,70,0
cand01455,0.1337,0.034,795.7,-31.99,1457.0,245.8,52,11.285,27.835,0.0,69,0
cand01746,0.1328,0.782,952.1,-44.14,1827.6,369.6,77,0.741,1.502,0.571,87,0
cand01515,0.1327,0.12,789.6,-36.38,1475.0,333.8,59,6.454,12.711,0.0,71,0
cand01482,0.1321,0.221,955.5,-44.90,1772.9,384.8,67,2.807,11.849,0.1,84,0
cand02191,0.1317,,827.7,-35.25,1568.5,324.4,65,,,,76,0
cand01131,0.1314,,814.7,-39.89,1528.7,323.2,63,,,,75,0
cand01726,0.1306,0.718,806.7,-43.13,1558.1,336.0,63,1.071,2.954,0.6,74,0
cand01203,0.1265,0.224,963.6,-44.52,1787.2,317.1,70,4.619,18.398,0.4,86,0
cand00941,0.1256,0.422,828.2,-34.20,1503.3,262.4,60,3.113,7.27,0.5,64,0
cand01728,0.1256,0.018,744.9,-33.64,1333.8,299.6,60,11.578,42.624,0.0,66,0
cand02219,0.1233,0.025,1006.7,-31.04,1878.0,364.6,75,13.036,33.14,0.0,95,0
cand00618,0.1217,0.038,696.9,-28.32,1306.6,295.2,51,9.899,26.646,0.0,66,0
cand01588,0.1215,0.642,910.7,-45.28,1688.0,362.3,75,1.71,3.907,0.667,90,0
cand00675,0.1212,0.042,849.2,-27.43,1584.8,277.4,66,12.568,24.008,0.0,83,0
cand00444,0.1170,0.743,910.5,-31.27,1696.3,295.6,65,0.998,1.664,0.571,81,0
cand00211,0.1158,0.617,741.0,-24.04,1370.9,234.8,48,1.607,3.707,0.545,62,0
cand01413,0.1154,0.02,954.4,-47.89,1789.6,379.6,68,14.465,36.864,0.0,75,0
cand01486,0.1135,0.045,923.6,-37.83,1768.8,380.9,73,11.805,23.216,0.0,82,0
cand02047,0.1125,0.867,845.2,-38.19,1558.4,344.7,68,0.818,1.422,0.857,87,0
cand01308,0.1117,0.17,1024.7,-48.19,1921.5,453.0,65,5.377,9.603,0.0,94,0
cand01818,0.1109,0.121,766.2,-29.33,1367.3,293.3,55,6.039,24.873,0.2,79,0
cand01198,0.1092,0.022,833.1,-32.95,1586.1,295.5,61,9.942,40.39,0.0,72,0
cand01607,0.1059,,917.3,-57.76,1719.5,409.8,67,,,,81,0
cand00986,0.1059,0.599,713.0,-35.08,1320.3,240.0,47,1.552,5.022,0.571,66,0
cand00316,0.1049,0.652,733.4,-23.53,1371.3,242.9,61,1.923,4.774,0.818,69,0
cand00909,0.1043,0.059,823.2,-35.95,1539.2,290.6,59,9.935,19.902,0.0,68,0
cand01350,0.1037,0.6,881.7,-46.67,1658.4,394.3,67,2.072,5.002,0.714,89,0
cand01824,0.1037,,910.9,-41.95,1693.5,357.9,60,,,,85,0
cand00330,0.1033,0.146,988.0,-41.28,1792.6,378.9,71,6.121,15.209,0.143,88,0
cand00266,0.1017,0.028,667.9,-29.14,1199.2,258.9,52,10.514,32.159,0.0,62,0
cand01425,0.0992,0.139,921.7,-38.42,1680.3,319.8,62,4.004,17.957,0.111,86,0
cand01589,0.0944,0.021,820.0,-36.41,1535.9,299.7,64,14.567,36.011,0.0,66,0
cand01718,0.0932,0.446,762.2,-23.40,1426.0,277.4,65,3.346,7.742,0.625,71,0
cand02405,0.0928,0.057,698.9,-23.98,1278.2,215.7,53,8.607,21.034,0.0,63,0
cand02129,0.0924,,858.7,-39.45,1626.7,316.4,67,,,,82,0
cand01708,0.0922,0.695,889.0,-31.51,1605.4,258.2,66,1.779,4.657,0.9,80,0
cand00155,0.0920,0.036,600.6,-21.99,1093.0,214.6,48,12.37,26.623,0.0,52,0
cand00668,0.0919,0.362,928.4,-40.71,1766.2,346.4,76,4.044,8.508,0.467,93,0
cand00440,0.0917,0.186,797.1,-37.24,1485.1,321.4,65,4.141,9.538,0.0,71,0
cand00445,0.0908,0.047,664.8,-29.75,1270.3,253.2,62,12.689,22.311,0.0,68,0
cand02121,0.0907,0.439,790.8,-32.61,1471.5,249.4,65,2.689,8.38,0.571,70,0
cand01617,0.0905,0.033,948.6,-47.73,1752.8,415.8,68,8.073,32.206,0.0,89,0
cand00866,0.0905,,589.9,-23.85,1125.8,211.3,46,,,,57,0
cand02037,0.0901,0.708,877.3,-37.88,1598.2,305.7,69,1.375,3.341,0.714,85,0
cand01970,0.0892,0.028,973.5,-43.72,1766.0,353.0,71,8.721,35.001,0.0,83,0
cand00610,0.0878,0.442,891.2,-48.10,1701.4,387.8,73,2.453,5.284,0.333,94,0
cand00477,0.0874,0.176,770.3,-27.79,1443.6,286.3,64,4.121,10.175,0.0,74,0
cand00107,0.0846,0.523,630.7,-16.48,1120.0,160.6,53,1.67,3.244,0.25,50,0
cand00564,0.0844,0.2,681.2,-30.20,1261.9,239.8,54,3.656,9.294,0.0,57,0
cand00421,0.0822,0.838,867.5,-40.90,1677.8,351.8,76,1.281,2.22,1.0,81,0
cand01531,0.0819,0.021,887.1,-38.49,1676.6,342.3,61,9.873,41.127,0.0,78,0
cand02151,0.0818,0.039,809.7,-36.30,1531.4,302.3,66,7.943,28.2,0.0,73,0
cand00754,0.0813,0.814,728.9,-40.83,1352.8,283.4,55,0.964,3.19,0.857,60,0
cand02186,0.0802,0.415,921.6,-44.39,1712.5,350.3,63,2.479,6.036,0.312,76,0
cand02123,0.0788,0.024,938.1,-42.39,1755.2,392.7,77,9.834,37.161,0.0,87,0
cand02381,0.0778,,471.7,-22.92,903.7,170.8,43,,,,45,0
cand01334,0.0770,0.024,733.4,-27.21,1333.5,191.3,57,12.954,34.135,0.0,59,0
cand00700,0.0768,0.124,774.5,-34.33,1445.1,248.2,65,4.624,13.714,0.0,71,0
cand02038,0.0763,0.552,748.4,-24.87,1348.5,221.9,66,1.591,4.113,0.375,76,0
cand01135,0.0756,0.021,967.4,-43.11,1809.2,358.6,56,9.626,41.491,0.0,86,0
cand00746,0.0735,0.05,823.6,-24.27,1539.3,295.2,59,10.406,22.076,0.0,69,0
cand00105,0.0717,0.584,746.7,-24.51,1337.1,253.1,59,2.065,5.849,0.727,74,0
cand00851,0.0712,0.356,783.2,-30.69,1415.0,260.9,62,3.857,9.648,0.5,70,0
cand00956,0.0703,,640.8,-20.91,1202.3,212.5,42,,,,44,0
cand00516,0.0697,0.399,928.2,-38.62,1719.4,350.9,70,3.302,6.987,0.429,92,0
cand00005,0.0691,0.296,666.9,-22.88,1262.3,222.5,57,3.074,8.254,0.182,57,0
cand00518,0.0652,0.513,905.0,-40.33,1688.1,358.1,66,2.154,5.393,0.5,73,0
cand02400,0.0649,0.347,989.8,-36.38,1848.6,341.9,76,2.584,8.469,0.286,83,0
cand02147,0.0641,0.029,840.6,-38.25,1589.1,337.9,69,8.618,34.447,0.0,71,0
cand01882,0.0640,0.035,965.6,-37.93,1797.8,369.2,72,8.194,30.344,0.0,88,0
cand00929,0.0640,0.524,873.6,-37.79,1633.7,346.8,66,1.077,2.656,0.0,73,0
cand00208,0.0633,0.252,714.0,-22.67,1338.7,216.7,57,3.424,7.033,0.0,66,0
cand01596,0.0623,0.063,964.9,-42.71,1772.6,337.6,70,7.667,19.953,0.0,84,0
cand00861,0.0606,0.064,771.5,-29.53,1485.9,301.9,64,7.051,20.392,0.0,83,0
cand00672,0.0604,0.665,833.6,-30.68,1608.5,328.7,64,1.257,2.734,0.5,83,0
cand01046,0.0602,0.222,830.8,-45.15,1598.1,360.7,56,4.88,12.101,0.25,69,0
cand00808,0.0599,0.535,729.7,-29.12,1322.5,253.7,60,2.989,5.075,0.667,63,0
cand00555,0.0597,0.048,880.4,-37.28,1671.2,350.2,75,11.914,22.285,0.0,86,0
cand01158,0.0587,0.216,686.3,-27.01,1274.1,230.5,58,4.173,7.924,0.0,71,0
cand01973,0.0579,0.032,876.5,-36.43,1637.5,317.1,66,8.509,32.107,0.0,80,0
cand01548,0.0549,0.236,800.9,-37.95,1499.1,309.2,57,4.28,12.99,0.3,66,0
cand01224,0.0535,0.27,763.8,-52.51,1458.6,370.0,66,3.058,6.706,0.0,78,0
cand00878,0.0534,0.509,844.4,-38.46,1580.1,358.4,54,1.679,6.19,0.429,75,0
cand01091,0.0527,0.022,909.2,-43.53,1747.7,352.0,60,14.31,35.412,0.0,80,0
cand01106,0.0520,0.589,799.3,-25.23,1483.1,266.8,59,1.903,4.81,0.625,67,0
cand01524,0.0519,0.019,1131.4,-57.81,2104.1,465.8,75,11.626,41.637,0.0,98,0
cand02361,0.0511,0.021,841.1,-38.35,1595.1,338.1,66,11.884,37.836,0.0,75,0
cand00853,0.0500,0.066,689.5,-27.33,1233.2,250.4,53,8.527,18.85,0.0,55,0
cand01547,0.0484,0.021,907.7,-33.16,1629.3,308.9,72,10.527,40.293,0.0,78,0
cand01287,0.0483,0.394,836.2,-30.57,1540.0,283.6,65,2.561,8.535,0.429,70,0
cand00900,0.0479,0.855,955.1,-31.07,1870.8,385.8,71,0.789,2.41,0.857,85,0
cand02348,0.0469,,682.1,-29.98,1282.4,285.8,48,,,,59,0
cand00081,0.0467,0.208,710.9,-21.35,1297.5,192.5,55,3.637,8.897,0.0,75,0
cand01108,0.0466,0.706,864.9,-37.98,1636.1,318.2,63,1.26,3.348,0.667,73,0
cand02246,0.0464,0.121,986.8,-40.24,1805.5,397.6,67,5.778,19.731,0.143,93,0
cand00425,0.0462,0.081,813.2,-34.69,1492.5,333.0,62,6.29,17.561,0.0,89,0
cand01764,0.0458,0.231,731.7,-22.96,1375.3,239.6,55,4.063,9.762,0.143,56,0
cand00061,0.0453,0.029,681.6,-31.90,1315.8,298.6,51,10.341,32.14,0.0,59,0
cand02217,0.0441,0.479,803.7,-44.76,1532.0,370.7,64,2.173,5.74,0.429,82,0
cand01926,0.0439,0.069,821.4,-38.41,1513.4,319.6,76,9.818,17.929,0.0,67,0
cand01953,0.0438,0.015,725.0,-32.74,1346.8,296.9,55,13.008,46.25,0.0,71,0
cand02102,0.0433,0.539,978.0,-43.06,1861.6,371.5,69,1.95,4.017,0.429,88,0
cand01050,0.0396,0.742,871.0,-41.34,1662.7,372.7,61,1.266,2.972,0.75,79,0
cand01333,0.0392,0.049,583.6,-19.82,1102.9,196.9,46,8.515,23.427,0.0,46,0
cand02431,0.0390,0.105,704.4,-33.14,1304.0,238.8,46,8.079,19.764,0.125,57,0
cand02215,0.0374,0.626,905.5,-39.38,1711.6,356.6,66,1.319,3.2,0.438,86,0
cand00427,0.0359,0.149,919.4,-41.72,1709.8,341.8,68,6.031,14.943,0.143,88,0
cand00494,0.0358,0.039,647.2,-32.11,1245.4,256.2,46,11.556,25.612,0.0,54,0
cand00339,0.0345,0.032,695.9,-21.82,1298.4,235.0,51,13.583,27.872,0.0,64,0
cand02470,0.0339,0.344,883.1,-37.30,1625.3,352.4,62,3.213,11.524,0.5,84,0
cand02390,0.0328,,495.5,-23.86,936.0,195.0,50,,,,40,0
cand02139,0.0327,0.02,849.9,-36.80,1576.8,307.4,69,10.883,40.531,0.0,78,0
cand02224,0.0327,0.02,583.9,-19.71,1114.7,171.5,52,14.163,37.107,0.0,53,0
cand00777,0.0318,0.402,679.3,-24.93,1311.2,234.1,56,2.509,4.547,0.167,62,0
cand02296,0.0318,,210.3,-4.95,373.2,50.8,21,,,,17,0
cand01098,0.0317,0.161,503.1,-17.66,945.5,166.2,45,8.108,23.41,0.333,43,0
cand02342,0.0296,0.124,549.4,-27.20,1030.1,231.5,42,8.283,19.998,0.188,51,0
cand00158,0.0295,0.511,817.4,-29.57,1506.0,235.2,62,2.42,5.768,0.571,59,0
cand00635,0.0283,0.052,888.5,-19.78,1703.9,281.4,71,11.797,21.0,0.0,86,0
cand01156,0.0282,0.725,760.7,-31.49,1395.4,297.3,59,1.684,5.155,1.0,76,0
cand01119,0.0278,0.307,833.9,-42.04,1537.6,348.2,68,3.046,10.593,0.333,84,0
cand01448,0.0278,0.207,855.8,-36.45,1598.1,355.2,66,3.954,11.54,0.143,74,0
cand00837,0.0275,0.057,791.4,-37.87,1543.5,318.5,66,9.397,20.43,0.0,71,0
cand02328,0.0271,0.519,885.9,-46.80,1701.2,379.0,66,1.764,4.737,0.375,80,0
cand00901,0.0264,0.098,926.7,-31.94,1715.7,336.2,71,6.7,14.853,0.0,85,0
cand00246,0.0257,0.28,898.0,-30.68,1706.0,318.1,66,3.721,7.934,0.167,76,0
cand02291,0.0247,0.388,1070.7,-40.00,2022.4,376.8,77,2.652,8.638,0.429,97,0
cand01357,0.0247,0.76,745.2,-37.59,1398.4,314.6,66,1.39,4.998,1.0,65,0
cand00125,0.0244,0.21,651.9,-26.74,1195.7,239.2,54,3.818,8.555,0.0,66,0
cand01140,0.0239,,762.5,-27.82,1405.0,292.4,58,,,,66,0
cand01453,0.0225,0.035,869.3,-34.26,1661.4,309.2,60,8.032,30.9,0.0,76,0
cand01342,0.0221,0.019,946.1,-38.93,1685.9,335.7,61,11.239,41.234,0.0,81,0
cand00809,0.0220,0.337,698.7,-28.52,1294.2,256.5,55,3.423,8.246,0.333,68,0
cand00979,0.0209,0.741,985.5,-46.18,1882.9,405.4,78,1.788,4.123,1.0,91,0
cand00721,0.0209,,590.6,-20.46,1114.0,192.0,50,,,,51,0
cand00343,0.0208,0.717,833.4,-30.63,1562.2,268.6,62,1.1,2.342,0.571,75,0
cand01451,0.0202,0.021,854.3,-36.53,1591.3,323.7,58,9.885,42.185,0.0,83,0
cand00742,0.0193,0.582,914.6,-37.85,1714.6,297.9,66,1.819,3.699,0.5,80,0
cand00664,0.0190,0.627,910.6,-41.05,1715.6,335.3,66,2.093,5.019,0.8,82,0
cand02223,0.0189,0.446,874.7,-37.19,1643.5,354.7,71,2.348,5.919,0.375,80,0
cand01913,0.0187,0.022,662.8,-29.87,1270.4,285.7,55,12.332,36.007,0.0,67,0
cand01608,0.0182,0.03,811.9,-43.90,1537.1,333.0,71,9.785,31.682,0.0,77,0
cand02305,0.0182,0.024,844.4,-31.68,1559.9,261.8,70,12.873,33.803,0.0,82,0
cand01236,0.0178,0.022,954.7,-37.99,1778.4,350.1,69,11.127,38.25,0.0,82,0
cand01747,0.0175,0.292,955.2,-39.72,1806.1,316.8,66,3.43,10.068,0.3,84,0
cand01533,0.0175,0.302,796.9,-32.91,1467.3,287.2,63,3.331,9.661,0.3,82,0
cand02461,0.0175,0.054,955.4,-32.41,1722.9,316.6,68,7.393,22.883,0.0,90,0
cand01217,0.0173,0.557,934.9,-37.75,1757.3,345.3,61,2.21,5.142,0.625,82,0
cand01317,0.0172,0.023,919.4,-40.82,1672.6,362.2,59,10.617,37.545,0.0,77,0
cand02250,0.0171,0.199,668.8,-23.85,1288.6,236.6,56,3.817,12.387,0.143,58,0
cand02113,0.0169,0.239,934.6,-41.93,1780.1,307.2,69,4.369,16.455,0.4,81,0
cand01996,0.0168,0.02,964.5,-41.80,1786.2,359.6,71,13.899,37.282,0.0,82,0
cand01289,0.0168,0.187,766.9,-33.18,1444.4,264.8,65,5.765,14.801,0.25,74,0
cand01556,0.0167,0.077,807.2,-28.66,1508.7,244.4,63,5.455,19.477,0.0,80,0
cand00299,0.0167,0.083,728.9,-22.94,1373.8,263.5,51,8.789,29.368,0.143,56,0
cand02094,0.0166,0.044,832.9,-36.14,1576.9,344.9,64,7.083,27.161,0.0,79,0
cand01969,0.0163,0.611,878.7,-35.40,1642.3,285.9,65,1.531,4.627,0.571,87,0
cand02082,0.0163,0.545,830.3,-35.14,1595.2,317.9,68,2.322,4.639,0.571,75,0
cand02240,0.0163,0.029,691.5,-25.93,1257.9,241.5,54,9.874,32.648,0.0,61,0
cand00886,0.0161,0.584,741.5,-33.27,1360.1,260.4,69,1.793,3.694,0.5,69,0
cand00301,0.0160,0.31,815.8,-41.09,1547.4,300.8,60,3.613,9.987,0.364,67,0
cand00937,0.0159,0.021,884.0,-40.25,1713.0,354.9,64,14.107,36.636,0.0,76,0
cand02232,0.0159,,859.5,-34.27,1604.6,293.2,64,,,,85,0
cand01508,0.0159,0.042,806.6,-32.60,1516.0,275.3,70,13.641,23.533,0.0,76,0
cand00661,0.0159,0.061,904.2,-32.16,1724.4,339.0,60,8.705,19.973,0.0,75,0
cand02213,0.0159,,677.0,-22.59,1217.4,199.4,47,,,,48,0
cand00478,0.0157,0.042,768.8,-33.37,1438.1,269.1,57,12.706,24.029,0.0,65,0
cand00699,0.0155,0.482,906.4,-39.35,1732.0,372.7,70,2.214,6.482,0.5,82,0
cand02165,0.0155,0.04,964.1,-34.17,1820.7,329.3,76,9.83,26.093,0.0,94,0
cand00945,0.0155,0.789,906.3,-34.10,1689.3,332.1,69,1.504,3.306,1.0,70,0
cand01563,0.0154,0.144,819.4,-41.11,1527.3,309.7,70,5.597,19.202,0.2,81,0
cand02177,0.0154,,868.0,-37.49,1617.9,345.8,65,,,,77,0
cand00932,0.0154,0.379,670.8,-28.98,1245.9,256.0,57,2.116,9.02,0.333,71,0
cand02402,0.0154,0.065,717.8,-25.62,1370.3,260.6,48,8.014,19.472,0.0,56,0
cand00950,0.0152,0.086,563.0,-19.04,1023.0,218.4,51,7.086,16.248,0.0,46,0
cand02195,0.0151,0.215,762.3,-26.96,1443.6,305.7,57,4.201,11.211,0.167,59,0
cand02124,0.0150,0.453,905.6,-33.65,1722.2,330.7,71,2.269,5.851,0.375,80,0
cand00160,0.0150,0.035,837.5,-26.21,1533.0,268.0,63,13.315,26.473,0.0,70,0
cand01598,0.0149,0.151,675.9,-29.55,1252.8,252.1,59,4.526,14.598,0.1,64,0
cand01102,0.0148,,830.2,-24.63,1552.0,291.4,66,,,,77,0
cand01216,0.0147,0.743,890.2,-40.77,1678.7,373.8,69,1.338,4.054,0.857,89,0
cand01016,0.0147,0.021,920.5,-37.05,1680.8,329.0,61,11.132,39.466,0.0,88,0
cand00954,0.0147,0.427,713.5,-31.82,1355.9,261.3,54,2.374,7.427,0.429,61,0
cand00326,0.0146,,875.4,-39.67,1643.5,325.4,62,,,,75,0
cand01042,0.0145,0.046,913.7,-39.74,1716.9,310.8,62,7.02,26.376,0.0,90,0
cand00265,0.0145,0.035,761.0,-22.73,1431.3,276.4,61,11.15,27.248,0.0,67,0
cand01071,0.0144,0.296,889.4,-37.73,1645.8,292.2,62,3.863,9.26,0.3,75,0
cand00714,0.0144,0.032,464.4,-20.19,819.7,141.3,29,10.475,29.829,0.0,33,0
cand00852,0.0143,0.402,826.1,-34.78,1556.9,334.0,63,3.146,7.074,0.429,68,0
cand00079,0.0143,0.348,848.4,-24.03,1514.4,257.6,56,2.629,6.684,0.182,59,0
cand02234,0.0143,,639.5,-22.99,1175.3,203.7,40,,,,45,0
cand02380,0.0143,,714.2,-18.16,1255.9,225.7,48,,,,49,0
cand02367,0.0143,,543.3,-14.91,996.5,158.1,45,,,,47,0
cand00994,0.0142,0.1,797.9,-27.69,1478.3,233.3,65,7.233,14.362,0.0,75,0
cand01380,0.0141,0.021,857.8,-37.14,1637.7,302.3,62,13.925,36.39,0.0,72,0
cand01817,0.0141,0.018,877.5,-30.06,1614.3,280.8,64,11.781,42.452,0.0,77,0
cand00988,0.0141,0.044,707.9,-26.11,1329.8,225.3,48,13.06,23.082,0.0,61,0
cand00544,0.0140,0.057,801.5,-47.66,1499.9,344.8,65,9.628,20.351,0.0,77,0
cand01344,0.0140,0.869,857.6,-42.46,1605.7,330.5,64,1.075,2.04,1.0,80,0
cand01899,0.0140,0.628,896.1,-30.99,1654.8,334.1,63,1.723,6.178,0.8,87,0
cand00262,0.0140,0.646,819.8,-28.02,1492.2,267.0,61,1.778,4.126,0.714,67,0
cand00953,0.0139,0.061,832.1,-29.82,1606.3,283.1,65,9.964,19.372,0.0,73,0
cand01648,0.0139,0.033,606.7,-23.29,1155.5,236.7,52,11.852,28.403,0.0,57,0
cand01305,0.0138,0.048,823.8,-36.74,1496.5,324.7,61,11.198,22.479,0.0,79,0
cand00874,0.0138,0.072,678.5,-26.16,1253.8,249.4,59,9.304,17.522,0.0,67,0
cand01283,0.0138,0.018,633.8,-19.25,1185.5,190.0,58,11.088,43.488,0.0,61,0
cand00682,0.0138,0.16,531.1,-16.01,967.5,141.5,51,8.265,14.828,0.2,40,0
cand01752,0.0137,0.554,761.7,-39.19,1424.0,314.1,60,1.785,10.635,0.857,76,0
cand02227,0.0137,,831.5,-34.19,1592.5,286.6,68,,,,87,0
cand01152,0.0137,0.033,855.3,-24.86,1564.8,241.1,51,8.362,31.221,0.0,72,0
cand00904,0.0136,0.019,851.8,-41.05,1609.0,363.6,66,10.307,43.373,0.0,83,0
cand01099,0.0136,0.02,931.2,-39.16,1776.1,346.9,58,11.151,39.792,0.0,80,0
cand01220,0.0136,0.042,839.2,-36.54,1580.8,300.0,61,7.484,27.481,0.0,74,0
cand01227,0.0136,0.277,793.1,-32.88,1485.5,311.8,62,3.272,6.119,0.0,78,0
cand01096,0.0136,0.019,826.4,-27.59,1522.9,250.0,57,10.899,43.01,0.0,66,0
cand01345,0.0136,0.017,718.1,-27.19,1317.3,237.6,60,11.665,44.148,0.0,72,0
cand01184,0.0136,0.017,769.8,-25.53,1461.1,250.0,57,12.39,43.553,0.0,62,0
cand01404,0.0136,0.05,704.4,-24.89,1305.3,218.8,51,6.548,25.568,0.0,62,0
cand02199,0.0136,,643.1,-19.94,1196.9,218.4,50,,,,58,0
cand01854,0.0135,0.049,857.3,-44.21,1607.5,354.6,65,13.074,21.614,0.0,72,0
cand00667,0.0135,0.07,783.6,-39.95,1462.0,318.8,70,8.563,18.205,0.0,82,0
cand00860,0.0135,0.076,954.5,-38.14,1772.1,331.5,72,5.748,19.267,0.0,93,0
cand00273,0.0135,0.544,892.0,-35.38,1611.7,293.4,62,2.423,5.74,0.667,79,0
cand01628,0.0135,0.064,799.6,-30.22,1544.4,300.2,55,6.227,21.207,0.0,65,0
cand02472,0.0135,0.035,810.5,-28.54,1467.4,291.1,61,9.492,28.991,0.0,71,0
cand01081,0.0135,0.251,693.6,-24.28,1283.6,245.0,49,4.887,12.049,0.333,54,0
cand01247,0.0134,0.387,825.7,-41.95,1577.6,351.8,61,3.209,7.216,0.4,75,0
cand01065,0.0134,0.307,861.9,-39.51,1616.3,316.5,61,3.028,7.233,0.143,78,0
cand01830,0.0134,,887.5,-36.30,1682.6,292.0,71,,,,87,0
cand00893,0.0134,0.066,809.8,-34.78,1519.3,311.7,54,6.286,20.788,0.0,65,0
cand01123,0.0134,0.217,860.2,-31.43,1576.4,307.2,67,3.714,8.324,0.0,82,0
cand01796,0.0134,0.048,787.4,-29.88,1437.1,274.0,59,7.487,24.768,0.0,78,0
cand00942,0.0134,0.04,675.4,-23.73,1263.2,237.6,44,11.314,25.243,0.0,49,0
cand01443,0.0133,0.351,834.3,-36.90,1528.9,325.4,58,4.634,10.715,0.571,77,0
cand01008,0.0133,0.023,900.9,-36.42,1666.0,325.8,67,13.249,35.141,0.0,79,0
cand00827,0.0133,0.028,859.9,-34.85,1580.6,305.2,57,8.454,36.19,0.0,78,0
cand00665,0.0133,,720.0,-34.27,1295.7,265.7,56,,,,67,0
cand01908,0.0133,0.021,849.9,-27.67,1599.7,291.9,73,13.432,36.546,0.0,74,0
cand01199,0.0133,,654.0,-24.69,1185.4,223.9,59,,,,57,0
cand02325,0.0133,,739.8,-24.63,1478.7,256.1,58,,,,65,0
cand02268,0.0133,,692.3,-21.52,1280.3,207.4,52,,,,62,0
cand00709,0.0132,0.098,884.9,-44.30,1666.8,304.2,65,5.456,22.619,0.1,76,0
cand02239,0.0132,0.83,1056.1,-42.15,1969.8,372.8,73,1.279,2.636,1.0,104,0
cand01193,0.0132,0.066,1057.6,-41.45,1954.9,380.3,80,8.334,18.962,0.0,102,0
cand01348,0.0132,0.685,872.2,-37.41,1654.3,391.7,68,2.405,4.571,1.0,89,0
cand01080,0.0132,0.018,762.5,-37.02,1393.4,303.9,54,10.833,45.393,0.0,71,0
cand01251,0.0132,0.106,827.1,-34.31,1494.4,301.8,63,6.435,14.093,0.0,76,0
cand01917,0.0132,0.033,822.1,-32.88,1572.9,255.4,67,11.068,28.383,0.0,69,0
cand01641,0.0132,0.129,909.5,-31.77,1681.9,311.7,62,5.324,16.828,0.111,75,0
cand02167,0.0132,0.017,817.1,-31.44,1523.5,253.7,69,12.262,43.313,0.0,73,0
cand01879,0.0132,0.152,753.7,-31.08,1397.5,297.7,63,8.88,15.58,0.2,77,0
cand00961,0.0132,0.696,760.5,-30.01,1390.7,272.1,57,1.593,4.753,0.857,70,0
cand00003,0.0132,0.29,659.6,-29.71,1204.7,244.3,52,4.522,8.524,0.273,63,0
cand02271,0.0132,,664.5,-26.50,1201.3,222.1,57,,,,54,0
cand02388,0.0132,,635.5,-24.48,1186.7,230.5,49,,,,52,0
cand01966,0.0131,0.139,956.6,-46.67,1771.4,359.4,66,5.518,11.609,0.0,79,0
cand02369,0.0131,0.048,934.0,-43.00,1792.6,364.2,66,8.062,24.222,0.0,81,0
cand01907,0.0131,0.03,1019.6,-41.92,1932.0,374.6,67,9.361,31.935,0.0,84,0
cand02310,0.0131,0.03,981.4,-37.49,1859.8,316.9,69,11.134,30.201,0.0,88,0
cand02055,0.0131,0.264,1062.6,-35.42,1948.0,403.7,78,3.441,11.644,0.286,93,0
cand01422,0.0131,0.021,784.5,-32.64,1497.0,278.0,59,9.841,40.748,0.0,76,0
cand01078,0.0131,0.02,767.5,-31.99,1418.9,274.7,54,11.183,40.086,0.0,73,0
cand02216,0.0131,0.048,790.9,-30.68,1446.9,289.1,64,8.04,24.272,0.0,76,0
cand02229,0.0131,,631.1,-26.98,1130.9,191.7,53,,,,58,0
cand02377,0.0131,,701.1,-23.92,1312.3,249.4,53,,,,57,0
cand01284,0.0131,0.146,767.8,-21.00,1420.2,258.4,48,7.616,20.101,0.25,60,0
cand02093,0.0130,0.017,996.6,-40.25,1821.0,371.1,74,12.752,43.15,0.0,94,0
cand01315,0.0130,0.08,959.2,-37.02,1739.7,344.4,79,5.401,18.912,0.0,100,0
cand01286,0.0130,0.042,872.8,-36.96,1624.9,318.2,81,8.83,25.98,0.0,81,0
cand02370,0.0130,0.351,811.4,-33.52,1484.7,299.4,59,2.545,8.327,0.286,75,0
cand01421,0.0130,0.015,798.3,-33.44,1458.5,297.8,62,13.152,45.782,0.0,74,0
cand01250,0.0130,0.364,770.5,-31.06,1471.8,271.4,54,3.974,7.441,0.4,56,0
cand01814,0.0130,0.693,900.9,-28.76,1681.8,329.7,74,1.605,4.087,0.8,88,0
cand00027,0.0130,0.092,681.5,-25.07,1305.3,219.7,61,6.512,15.775,0.0,67,0
cand02273,0.0130,,615.2,-19.73,1136.4,230.4,44,,,,53,0
cand01326,0.0129,0.021,967.2,-44.01,1881.7,435.1,66,14.055,36.531,0.0,86,0
cand01873,0.0129,0.202,1013.7,-41.85,1844.1,360.9,80,3.627,9.221,0.0,86,0
cand01331,0.0129,0.022,914.9,-39.46,1735.2,322.8,66,14.259,35.279,0.0,78,0
cand00923,0.0129,0.528,1036.9,-38.80,1918.1,369.6,72,2.269,4.509,0.5,79,0
cand00358,0.0129,0.6,865.2,-37.53,1627.2,331.0,72,1.364,3.521,0.4,79,0
cand02048,0.0129,0.027,748.5,-36.17,1382.8,317.4,51,10.238,33.293,0.0,77,0
cand02442,0.0129,0.146,829.7,-31.01,1524.0,281.5,55,7.079,16.65,0.188,71,0
cand02142,0.0129,0.601,760.7,-25.07,1396.6,207.7,53,1.805,3.952,0.571,66,0
cand00091,0.0129,0.055,599.5,-24.46,1093.2,189.6,49,10.305,20.747,0.0,56,0
cand00220,0.0129,0.047,798.8,-24.27,1469.4,251.9,69,12.286,22.481,0.0,75,0
cand01788,0.0129,0.078,721.7,-23.96,1361.5,227.5,54,6.018,18.384,0.0,57,0
cand01701,0.0129,0.198,755.5,-19.50,1413.4,210.2,63,5.27,10.031,0.1,70,0
cand02064,0.0129,0.034,683.3,-18.54,1274.3,198.0,50,8.5,30.624,0.0,57,0
cand02408,0.0128,0.697,899.3,-37.45,1694.9,333.9,67,1.069,3.477,0.571,75,0
cand02125,0.0128,0.045,846.0,-35.80,1545.5,337.5,70,6.691,27.358,0.0,75,0
cand01172,0.0128,0.16,835.5,-34.56,1563.0,281.9,61,7.548,19.712,0.286,76,0
cand01188,0.0128,0.061,869.5,-34.11,1619.2,294.5,54,8.832,39.427,0.111,74,0
cand01985,0.0128,0.123,882.1,-29.70,1637.3,306.9,71,4.257,14.444,0.0,72,0
cand00587,0.0128,0.049,759.2,-28.86,1424.1,239.0,60,13.572,21.429,0.0,76,0
cand01073,0.0128,,693.3,-27.09,1275.4,247.0,59,,,,61,0
cand02145,0.0128,0.028,788.4,-26.08,1473.5,293.2,61,13.827,30.462,0.0,72,0
cand00422,0.0128,0.135,803.1,-22.12,1463.1,263.4,60,6.607,14.509,0.1,69,0
cand01244,0.0128,0.018,823.0,-21.77,1535.2,246.9,62,12.415,42.146,0.0,65,0
cand00823,0.0128,0.411,618.2,-19.06,1159.5,216.4,49,2.413,4.422,0.167,49,0
cand00940,0.0127,0.661,807.8,-37.79,1556.4,317.8,70,1.688,3.209,0.667,83,0
cand02008,0.0127,0.029,883.3,-34.69,1642.6,318.4,67,10.882,31.582,0.0,78,0
cand00560,0.0127,0.191,921.0,-34.61,1700.7,331.8,69,6.2,12.466,0.2,81,0
cand02171,0.0127,0.441,1063.8,-31.94,1983.8,327.0,68,2.327,4.501,0.25,87,0
cand00981,0.0127,0.047,773.4,-31.88,1407.9,269.1,63,14.269,21.884,0.0,63,0
cand00795,0.0127,0.177,830.4,-29.42,1527.9,309.2,53,5.96,13.884,0.2,60,0
cand02081,0.0127,0.05,797.0,-29.06,1515.3,316.3,63,14.083,21.197,0.0,67,0
cand01273,0.0127,0.231,593.1,-27.10,1112.3,228.4,50,3.186,10.403,0.111,57,0
cand01952,0.0127,0.027,816.0,-26.28,1549.5,264.8,53,9.528,34.643,0.0,68,0
cand01386,0.0127,0.02,834.2,-24.44,1567.5,254.1,58,10.973,40.482,0.0,70,0
cand00854,0.0127,,666.7,-19.47,1263.1,218.7,48,,,,58,0
cand01480,0.0126,0.062,1048.6,-46.96,1962.4,378.8,80,7.466,20.582,0.0,106,0
cand00467,0.0126,0.208,902.4,-43.54,1714.5,345.2,59,7.555,14.624,0.333,74,0
cand00775,0.0126,0.072,844.9,-39.80,1558.2,343.9,74,8.748,17.666,0.0,83,0
cand00574,0.0126,0.07,822.4,-37.82,1568.8,320.5,66,8.642,18.037,0.0,85,0
cand01208,0.0126,0.068,870.9,-36.11,1577.1,308.2,63,9.673,18.029,0.0,77,0
cand00537,0.0126,0.466,784.0,-35.19,1434.0,305.6,63,1.477,2.976,0.0,72,0
cand02301,0.0126,0.117,940.8,-35.15,1734.9,278.9,72,5.871,15.719,0.062,82,0
cand02126,0.0126,0.02,887.9,-34.74,1662.6,295.5,65,11.348,39.943,0.0,78,0
cand01517,0.0126,0.372,906.4,-33.76,1692.0,334.0,71,2.447,7.59,0.286,77,0
cand01626,0.0126,0.042,900.4,-32.88,1670.3,313.4,63,6.827,28.805,0.0,84,0
cand01528,0.0126,0.183,911.6,-31.81,1726.0,308.8,62,3.173,11.205,0.0,80,0
cand01552,0.0126,0.037,933.3,-31.66,1804.2,337.4,65,7.648,29.768,0.0,85,0
cand01578,0.0126,0.472,787.9,-31.65,1458.3,255.6,59,2.494,11.017,0.778,74,0
cand01163,0.0126,0.048,702.9,-30.30,1344.9,250.9,64,11.459,22.367,0.0,65,0
cand02267,0.0126,,743.1,-26.49,1391.3,240.7,58,,,,60,0
cand01673,0.0126,0.014,623.9,-26.33,1157.3,231.7,36,14.61,47.633,0.0,48,0
cand00536,0.0126,0.341,724.5,-24.70,1338.1,253.6,54,4.197,10.183,0.5,69,0
cand01791,0.0125,0.02,828.2,-36.20,1574.0,318.3,65,12.98,37.9,0.0,80,0
cand01463,0.0125,0.024,836.9,-35.76,1577.7,350.6,58,9.957,37.633,0.0,79,0
cand00407,0.0125,0.387,760.2,-33.64,1384.1,244.0,63,3.724,7.609,0.467,73,0
cand01393,0.0125,0.023,796.0,-30.59,1503.0,253.9,51,9.333,40.11,0.0,78,0
cand01537,0.0125,0.083,853.2,-30.19,1581.1,267.0,68,5.54,18.128,0.0,78,0
cand00690,0.0125,0.391,819.7,-29.27,1509.5,269.4,68,3.597,7.559,0.467,84,0
cand01189,0.0125,0.24,750.7,-27.22,1393.5,228.1,63,3.453,9.678,0.125,70,0
cand01067,0.0125,0.029,761.2,-26.62,1402.8,276.7,59,8.271,35.533,0.0,73,0
cand00706,0.0125,0.528,629.6,-26.47,1187.2,219.7,64,1.834,3.56,0.333,61,0
cand02288,0.0125,0.02,825.5,-25.48,1541.9,264.6,66,14.789,36.928,0.0,78,0
cand02392,0.0125,0.032,897.7,-22.18,1684.3,275.8,61,12.407,28.529,0.0,70,0
cand01575,0.0124,0.016,877.4,-41.19,1655.7,344.8,73,14.025,44.486,0.0,84,0
cand01989,0.0124,0.222,961.0,-41.09,1785.0,348.1,84,7.787,14.507,0.375,95,0
cand01605,0.0124,0.023,890.9,-38.57,1694.2,370.4,59,9.471,39.788,0.0,80,0
cand02277,0.0124,0.058,870.8,-37.37,1628.8,273.7,67,7.013,21.91,0.0,83,0
cand00719,0.0124,0.044,797.2,-34.17,1467.6,251.6,67,13.884,22.905,0.0,74,0
cand00412,0.0124,0.458,712.2,-33.78,1347.5,292.9,73,1.926,3.836,0.167,72,0
cand00782,0.0124,0.02,780.3,-30.94,1468.6,304.2,60,10.667,41.513,0.0,76,0
cand01013,0.0124,0.295,880.4,-30.91,1656.6,304.2,61,3.346,8.222,0.2,74,0
cand02110,0.0124,0.021,832.4,-30.34,1560.2,288.3,57,12.856,37.013,0.0,73,0
cand01585,0.0124,0.021,651.2,-19.53,1194.4,184.7,49,10.532,40.153,0.0,50,0
cand00824,0.0124,0.321,529.5,-19.50,979.8,172.9,52,3.776,7.853,0.286,49,0
cand01366,0.0123,0.025,1081.1,-53.14,2011.9,445.2,78,9.637,36.198,0.0,98,0
cand02044,0.0123,0.11,866.2,-42.81,1639.7,368.4,74,16.787,30.82,0.25,92,0
cand02289,0.0123,0.056,1015.0,-39.97,1917.8,382.1,72,8.386,21.281,0.0,88,0
cand01695,0.0123,0.207,769.3,-35.91,1445.8,267.1,59,3.86,10.611,0.1,71,0
cand01844,0.0123,0.019,960.0,-35.71,1791.2,331.9,75,11.465,41.889,0.0,89,0
cand01625,0.0123,0.376,790.1,-35.28,1482.2,287.1,61,2.146,7.269,0.222,77,0
cand02331,0.0123,,800.3,-30.31,1523.9,294.8,59,,,,73,0
cand02338,0.0123,,605.9,-27.63,1122.3,232.3,55,,,,53,0
cand00318,0.0123,0.404,628.5,-22.43,1158.7,228.9,60,3.536,6.52,0.429,61,0
cand02283,0.0123,0.1,581.7,-21.25,1066.3,173.7,45,6.173,15.004,0.0,46,0
cand01318,0.0122,0.037,820.2,-37.74,1543.7,316.5,58,7.25,31.274,0.0,74,0
cand01754,0.0122,0.018,929.5,-36.20,1722.6,304.3,65,11.7,42.073,0.0,82,0
cand00972,0.0122,0.844,704.5,-35.96,1302.2,260.1,63,0.911,2.086,0.857,67,0
cand02098,0.0122,0.058,784.6,-33.72,1411.6,263.2,72,8.134,20.893,0.0,81,0
cand02181,0.0122,,821.5,-30.38,1557.8,310.0,63,,,,80,0
cand01897,0.0122,0.058,854.0,-29.12,1594.4,280.4,76,10.397,20.018,0.0,85,0
cand00269,0.0122,0.258,940.1,-27.73,1741.8,313.9,69,3.796,8.978,0.167,77,0
cand00380,0.0122,0.046,652.7,-20.37,1211.7,200.3,51,9.753,23.569,0.0,54,0
cand00896,0.0121,0.024,827.7,-39.58,1565.5,317.3,59,9.959,37.359,0.0,76,0
cand01587,0.0121,0.032,747.8,-32.71,1415.3,297.7,53,9.552,30.85,0.0,73,0
cand01271,0.0121,0.309,897.3,-31.71,1713.4,304.7,67,2.562,11.047,0.3,88,0
cand01141,0.0121,0.027,884.9,-31.21,1640.2,310.0,58,9.324,34.573,0.0,87,0
cand00646,0.0121,0.257,749.8,-30.86,1377.6,254.6,58,5.437,17.05,0.5,65,0
cand02158,0.0121,0.284,727.0,-29.27,1367.9,266.8,56,3.197,7.095,0.083,64,0
cand00832,0.0121,0.497,679.8,-26.43,1272.2,211.3,55,3.173,7.559,0.75,59,0
cand00966,0.0121,0.059,725.7,-25.59,1400.1,266.7,54,10.208,19.783,0.0,67,0
cand01662,0.0120,0.169,804.6,-35.65,1546.3,306.7,62,3.645,14.722,0.111,75,0
cand01014,0.0120,0.658,795.1,-35.58,1524.5,324.2,60,1.818,7.388,1.0,73,0
cand01062,0.0120,0.037,851.0,-32.89,1585.7,274.5,61,7.876,29.424,0.0,75,0
cand01420,0.0120,0.67,980.5,-32.84,1843.1,381.7,63,2.138,4.163,0.875,90,0
cand01768,0.0120,0.025,876.9,-31.57,1565.6,270.6,68,11.108,34.801,0.0,71,0
cand01592,0.0120,0.374,881.6,-29.90,1640.0,329.9,63,3.584,6.966,0.375,78,0
cand01881,0.0120,0.085,750.9,-29.42,1356.7,284.9,50,7.897,15.973,0.0,57,0
cand01356,0.0120,0.26,698.0,-23.00,1269.0,193.6,61,3.726,8.953,0.167,64,0
cand00844,0.0120,,565.6,-17.26,1023.5,162.9,40,,,,43,0
cand01599,0.0119,0.022,745.1,-28.41,1383.2,238.1,54,9.643,40.732,0.0,67,0
cand01568,0.0119,0.186,707.7,-24.07,1311.1,233.6,58,4.357,9.345,0.0,54,0
cand02001,0.0119,0.117,436.5,-18.22,797.5,137.2,41,6.472,13.024,0.0,46,0
cand00980,0.0118,0.571,942.4,-41.48,1794.7,366.6,76,2.45,6.35,0.8,90,0
cand01053,0.0118,0.033,907.0,-35.30,1688.8,331.4,61,8.484,31.028,0.0,74,0
cand01200,0.0118,0.353,918.8,-33.23,1711.7,306.0,66,3.154,12.432,0.556,79,0
cand00739,0.0118,0.045,742.8,-28.46,1355.8,273.1,51,13.022,22.783,0.0,52,0
cand00491,0.0118,0.027,692.4,-26.50,1278.0,261.4,56,10.505,33.677,0.0,68,0
cand01909,0.0117,0.3,750.3,-35.68,1376.8,288.7,62,2.418,6.643,0.0,66,0
cand01028,0.0117,0.099,774.0,-32.35,1447.6,275.1,55,6.02,15.194,0.0,74,0
cand00759,0.0117,0.104,758.2,-26.66,1404.7,231.5,64,6.877,14.067,0.0,70,0
cand00960,0.0117,0.043,755.5,-26.63,1434.9,254.0,65,13.357,23.566,0.0,71,0
cand02317,0.0117,0.122,646.6,-25.23,1228.6,252.6,47,8.355,28.076,0.25,55,0
cand01051,0.0117,0.016,671.8,-23.11,1189.1,215.5,51,12.051,46.281,0.0,53,0
cand02209,0.0117,0.434,705.3,-16.75,1292.8,223.2,58,2.237,3.573,0.143,62,0
cand01981,0.0116,0.732,901.3,-47.05,1713.2,391.3,73,1.905,4.073,1.0,89,0
cand01126,0.0116,0.1,968.5,-43.82,1813.7,418.8,70,8.496,13.95,0.0,95,0
cand02135,0.0116,0.153,1059.3,-42.80,2021.8,414.1,69,6.697,10.15,0.0,96,0
cand02130,0.0116,0.258,950.6,-39.45,1786.5,291.4,69,3.96,14.745,0.4,80,0
cand01378,0.0116,0.617,862.6,-38.25,1648.3,348.1,64,2.944,6.31,1.0,82,0
cand01277,0.0116,0.016,893.5,-34.55,1625.9,317.3,65,13.992,43.555,0.0,78,0
cand01112,0.0116,0.033,786.1,-26.93,1455.9,262.3,58,7.59,33.084,0.0,78,0
cand00302,0.0116,0.02,537.9,-19.98,1003.5,162.8,46,13.252,38.174,0.0,42,0
cand01109,0.0116,0.019,349.9,-9.01,637.6,89.9,29,17.764,36.988,0.0,26,0
cand01892,0.0115,0.041,1030.9,-47.50,1885.1,372.1,70,9.226,25.961,0.0,91,0
cand01369,0.0115,0.024,906.7,-42.06,1689.3,372.9,74,12.912,34.507,0.0,85,0
cand01197,0.0115,0.153,448.6,-17.58,834.1,151.5,38,8.319,26.217,0.333,40,0
cand02414,0.0114,0.731,1145.3,-53.07,2151.1,469.4,80,1.57,3.436,0.857,111,0
cand01529,0.0114,0.023,837.5,-39.06,1562.9,345.5,62,10.571,37.613,0.0,76,0
cand02332,0.0114,0.026,868.9,-33.86,1642.4,289.7,72,13.164,31.839,0.0,88,0
cand01525,0.0114,0.35,702.5,-20.24,1299.6,225.5,57,2.568,9.145,0.333,72,0
cand01722,0.0113,0.019,904.5,-49.27,1686.7,396.2,75,11.696,40.991,0.0,87,0
cand01410,0.0113,0.026,832.8,-43.39,1537.4,341.2,62,9.006,36.924,0.0,85,0
cand00921,0.0113,0.184,839.0,-38.18,1512.4,304.4,67,4.427,9.426,0.0,78,0
cand01865,0.0113,0.024,857.5,-36.61,1611.0,310.6,75,12.128,34.67,0.0,72,0
cand00337,0.0113,0.191,913.0,-35.41,1661.8,302.5,71,4.185,9.251,0.0,76,0
cand02359,0.0113,0.406,890.6,-29.80,1680.4,345.6,65,2.217,4.752,0.143,80,0
cand01390,0.0113,0.121,826.5,-23.67,1479.3,236.9,56,4.532,14.182,0.0,68,0
cand00300,0.0113,0.239,630.5,-22.52,1169.8,214.7,56,3.301,7.764,0.0,51,0
cand02132,0.0112,,871.3,-38.18,1573.3,305.7,71,,,,75,0
cand00569,0.0112,0.094,715.7,-30.09,1329.2,249.3,54,6.532,15.505,0.0,51,0
cand01458,0.0112,0.02,729.2,-26.87,1344.1,255.5,53,10.712,41.774,0.0,68,0
cand01789,0.0111,0.583,980.6,-29.02,1782.0,349.7,65,2.956,4.325,0.75,79,0
cand02436,0.0111,0.035,589.6,-22.93,1092.2,224.0,44,11.663,27.302,0.0,55,0
cand00917,0.0111,0.034,532.9,-11.47,1003.9,195.7,38,11.045,27.88,0.0,51,0
cand01573,0.0110,0.028,861.0,-41.02,1595.2,289.8,57,8.872,34.537,0.0,67,0
cand01523,0.0110,0.61,826.6,-34.08,1551.7,298.1,62,1.548,6.29,0.7,79,0
cand01990,0.0109,0.03,775.7,-27.71,1420.8,266.4,60,12.651,29.51,0.0,74,0
cand01434,0.0109,0.22,502.6,-15.26,956.5,151.9,48,4.512,15.701,0.333,44,0
cand02411,0.0108,0.352,904.1,-31.76,1712.6,300.7,63,5.26,10.2,0.571,83,0
cand01561,0.0108,0.083,733.3,-24.96,1348.2,241.7,58,5.499,18.19,0.0,63,0
cand00611,0.0107,0.311,816.2,-25.70,1573.4,287.1,61,3.093,6.825,0.133,74,0
cand02365,0.0107,0.269,747.5,-18.33,1426.3,259.5,57,3.086,6.713,0.0,61,0
cand02293,0.0106,,677.5,-22.09,1255.6,207.3,47,,,,57,0
cand00649,0.0106,0.374,630.5,-18.51,1190.6,217.6,58,2.818,5.128,0.167,58,0
cand01676,0.0105,0.252,910.9,-30.88,1654.8,271.7,62,4.019,15.377,0.4,82,0
cand01370,0.0104,0.592,823.6,-34.98,1541.5,277.7,63,1.909,6.7,0.778,74,0
cand01553,0.0103,0.279,850.0,-31.93,1562.3,254.7,58,3.582,8.723,0.2,70,0
cand01630,0.0102,0.015,589.4,-25.28,1081.6,223.4,52,21.255,41.138,0.0,51,0
cand01132,0.0101,0.29,864.7,-35.64,1615.9,329.2,65,5.379,10.464,0.4,76,0
cand01017,0.0101,,853.9,-25.93,1582.6,305.1,67,,,,82,0
cand00884,0.0101,0.24,640.0,-19.23,1165.3,234.1,58,6.109,10.504,0.267,65,0
cand00889,0.0100,0.172,780.7,-29.77,1481.2,303.9,61,6.034,13.308,0.167,72,0
cand01256,0.0099,0.034,840.6,-35.00,1556.0,309.4,57,15.968,26.581,0.0,76,0
cand01406,0.0000,0.03,1269.7,-48.55,2418.6,497.2,85,11.864,30.262,0.0,108,0
cand01536,0.0000,0.041,1039.6,-43.35,1957.4,372.8,77,16.071,23.555,0.0,90,0
cand01714,0.0000,0.033,977.8,-43.13,1808.5,360.2,58,9.031,30.489,0.0,74,0
cand01875,0.0000,0.152,811.9,-38.44,1537.2,307.3,77,3.652,16.027,0.091,80,0
cand01235,0.0000,0.053,909.7,-36.79,1686.0,315.1,72,8.691,21.901,0.0,84,0
cand00812,0.0000,0.062,842.5,-36.20,1575.8,337.2,61,8.065,19.949,0.0,79,0
cand01144,0.0000,0.044,817.1,-35.49,1485.0,307.1,61,8.817,24.825,0.0,73,0
cand00603,0.0000,0.061,801.5,-35.46,1486.6,273.8,66,9.987,19.372,0.0,77,0
cand00771,0.0000,0.259,684.3,-35.35,1294.1,283.9,56,8.996,13.515,0.467,64,0
cand01685,0.0000,0.021,945.0,-34.21,1774.9,349.2,66,10.691,40.303,0.0,89,0
cand00589,0.0000,0.04,674.5,-34.05,1265.1,266.9,51,10.35,25.677,0.0,56,0
cand02432,0.0000,0.018,664.1,-33.38,1271.2,270.2,44,22.182,37.832,0.0,59,0
cand01405,0.0000,0.138,676.3,-31.61,1224.9,259.7,55,7.089,22.842,0.25,64,0
cand01338,0.0000,0.022,865.6,-31.17,1579.2,309.7,64,14.468,35.424,0.0,85,0
cand02175,0.0000,0.122,906.2,-31.06,1666.2,314.2,72,13.311,31.344,0.286,69,0
cand00484,0.0000,0.158,794.0,-30.15,1454.5,255.3,55,4.357,11.157,0.0,67,0
cand00974,0.0000,,812.1,-29.60,1519.2,331.8,58,,,,75,0
cand01049,0.0000,0.325,816.4,-29.50,1514.6,341.1,60,6.445,18.554,0.75,79,0
cand00804,0.0000,0.076,737.1,-29.47,1380.8,284.9,45,7.167,17.717,0.0,58,0
cand02453,0.0000,0.073,661.1,-29.15,1201.9,230.5,44,7.159,18.413,0.0,53,0
cand01584,0.0000,0.017,777.2,-29.02,1430.0,251.8,56,12.399,43.075,0.0,63,0
cand00689,0.0000,0.171,813.1,-28.46,1526.7,282.0,60,6.932,21.496,0.333,72,0
cand01359,0.0000,0.021,723.4,-28.12,1361.0,236.7,48,14.126,36.5,0.0,62,0
cand02435,0.0000,0.082,835.2,-28.10,1555.7,322.9,66,7.693,16.489,0.0,80,0
cand02385,0.0000,0.021,878.6,-28.09,1621.0,271.9,69,14.149,36.719,0.0,78,0
cand01631,0.0000,0.064,768.5,-27.75,1472.7,283.6,55,5.6,22.637,0.0,68,0
cand02221,0.0000,0.021,1037.2,-27.56,1887.7,374.6,73,15.189,35.792,0.0,89,0
cand00369,0.0000,0.027,758.3,-26.69,1423.5,226.3,64,13.597,31.247,0.0,61,0
cand00959,0.0000,0.03,711.8,-26.50,1355.6,289.4,57,11.849,29.798,0.0,66,0
cand01650,0.0000,0.064,534.8,-26.20,1000.8,190.6,53,10.359,18.669,0.0,56,0
cand01424,0.0000,0.02,679.7,-25.59,1278.5,216.5,55,10.5,40.97,0.0,58,0
cand02009,0.0000,0.168,637.5,-25.48,1161.1,246.8,62,10.515,15.418,0.25,53,0
cand01207,0.0000,0.089,706.2,-24.87,1340.3,246.7,56,6.154,16.385,0.0,57,0
cand00955,0.0000,0.095,704.6,-24.76,1287.4,267.7,58,7.237,14.992,0.0,63,0
cand02059,0.0000,0.046,678.6,-24.28,1268.1,250.5,54,10.86,23.103,0.0,59,0
cand01497,0.0000,0.158,821.3,-23.77,1491.9,225.9,61,4.221,14.24,0.1,75,0
cand00736,0.0000,0.18,762.4,-23.58,1413.0,269.5,56,6.258,20.04,0.333,67,0
cand00695,0.0000,0.336,670.4,-23.30,1243.0,245.7,45,6.731,22.294,0.833,60,0
cand00171,0.0000,0.246,720.3,-23.03,1331.4,255.7,54,4.074,6.653,0.0,61,0
cand01374,0.0000,0.042,806.0,-22.96,1501.8,318.2,64,10.098,24.967,0.0,80,0
cand02057,0.0000,0.033,710.2,-22.36,1283.3,242.0,56,14.008,27.227,0.0,55,0
cand00767,0.0000,0.295,561.2,-21.88,1049.4,196.0,48,3.815,10.011,0.333,54,0
cand01264,0.0000,0.301,682.7,-21.57,1272.2,285.7,59,3.275,10.469,0.333,72,0
cand02443,0.0000,0.131,632.0,-21.05,1143.0,201.3,47,5.118,12.536,0.0,54,0
cand02182,0.0000,0.025,655.4,-20.48,1243.3,229.7,41,16.311,32.166,0.0,46,0
cand02242,0.0000,0.028,559.5,-19.98,1038.9,177.5,48,11.573,31.426,0.0,48,0
cand01572,0.0000,0.161,603.0,-19.84,1140.1,205.5,50,7.664,23.997,0.333,52,0
cand00459,0.0000,0.248,690.2,-19.14,1295.7,264.2,52,5.144,10.085,0.25,60,0
cand01597,0.0000,0.036,527.8,-18.96,990.8,185.3,40,8.595,29.295,0.0,42,0
cand02090,0.0000,0.151,636.2,-18.82,1199.5,243.4,47,8.848,26.728,0.333,49,0
cand00774,0.0000,0.03,780.8,-18.51,1429.1,231.3,49,11.872,29.862,0.0,61,0
cand02120,0.0000,0.209,799.9,-18.51,1518.3,270.7,59,4.344,10.944,0.143,68,0
cand00487,0.0000,0.093,781.8,-15.60,1408.6,279.8,56,6.105,15.887,0.0,59,0
cand00744,0.0000,0.113,688.0,-15.08,1260.2,215.7,57,12.515,19.544,0.167,58,0
cand00575,0.0000,0.018,609.6,-14.11,1147.4,184.2,44,15.789,39.591,0.0,43,0
cand00789,0.0000,0.186,608.6,-12.64,1116.7,225.2,48,2.96,11.471,0.0,46,0
cand01387,0.0000,0.097,596.0,-11.13,1073.8,140.2,50,6.613,15.09,0.0,41,0
cand02022,0.0000,0.148,521.7,-10.63,952.2,170.6,49,9.035,28.234,0.333,45,0
cand00728,0.0000,0.046,175.6,-5.98,318.4,50.6,13,11.991,22.848,0.0,9,0
